Word_Original,Hierarchical_Entity_Tag
திருமால்,DIVINE_VISHNU
இசையமைத்தவர்,PEOPLE_MUSICIAN
பெயர்,NAME
அறியப்படவில்லை,KNOWLEDGE_UNKNOWN
பண்,MUSIC_MELODY
நோதிறம்,MUSIC_RAGA_NOTHIRAM
கடவுள்,DIVINE_GOD
வாழ்த்து,BLESSING
திருமாலை,DIVINE_VISHNU
தொழுவார்,PEOPLE_WORSHIPPER
பெறும்,ACTION_RECEIVE
பேறு,BLESSING
மணி,GEM
வரை,MOUNTAIN
ஊர்ந்த,ACTION_RODE
மங்குல்,CLOUD
ஞாயிறு,SUN
அணி,ORNAMENT
வனப்பு,BEAUTY
அமைந்த,ACTION_ESTABLISHED
பூ,FLOWER
துகில்,CLOTH
புனை,ACTION_ADORN
முடி,CROWN
இறு,QUALITY_FIRM
வரை,MOUNTAIN
இழிதரும்,ACTION_DESCEND
பொன்,METAL_GOLD
மணி,GEM
அருவியின்,WATERFALL
நிறனொடு,COLOR
மாறும்,ACTION_CHANGE
தார்,GARLAND
புள்ளுப்,BIRD
பொறி,DESIGN_SPOT
புனை,ACTION_ADORN
கொடி,FLAG
விண்,SKY
அளி,ACTION_SHOWER
கொண்ட,ACTION_HOLD
வியன்,QUALITY_SPACIOUS
மதி,MOON
அணி,ORNAMENT
கொள,ACTION_TAKE
தண்,QUALITY_COOL
அளி,COMPASSION
கொண்ட,ACTION_HOLD
அணங்கு,DIVINE_MAIDEN
உடை,ACTION_POSSESS
நேமி,WEAPON_DISCUS
மால்,DIVINE_VISHNU
பருவம்,SEASON
வாய்த்தலின்,OPPORTUNITY
இரு,TWO
விசும்பு,SKY
அணிந்த,ACTION_ADORNED
இரு,TWO
வேறு,QUALITY_DIFFERENT
மண்டிலத்து,ORB
இலக்கம்,QUALITY_EQUAL
போல,COMPARISON_LIKE
நேமியும்,WEAPON_DISCUS
வளையும்,ORNAMENT_BRACELET
ஏந்திய,ACTION_HELD
கையாந்,HAND
கருவி,TOOL
மின்,LIGHTNING
அவிர்,ACTION_SHINE
இலங்கும்,ACTION_SHINE
பொலம்,METAL_GOLD
பூண்,ORNAMENT
அருவி,WATERFALL
உருவின்,FORM
ஆரமொடு,ORNAMENT_NECKLACE
அணிந்த,ACTION_ADORNED
நின்,POSSESSIVE_YOUR
திரு,DIVINE
வரை,MOUNTAIN
அகலம்,BROADNESS
தொழுவோர்க்கு,PEOPLE_WORSHIPPER
உரிது,ACTION_DESERVE
அமர்,HEAVEN
துறக்கமும்,HEAVEN
உரிமை,RIGHT
நன்கு,ADV_WELL
உடைத்து,ACTION_POSSESS
எங்குமாய்,QUALITY_OMNIPRESENT
எல்லாமாய்,QUALITY_ALL
நிறைந்த,ACTION_FILLED
பெருமை,QUALITY_GREATNESS
சுவைமை,QUALITY_TASTE
இசைமை,QUALITY_SOUND
தோற்றம்,APPEARANCE
நாற்றம்,FRAGRANCE
ஊறு,QUALITY_TOUCH
அவையும்,DEMONSTRATIVE_THOSE
நீயே,PRONOUN_YOU
அடு,ACTION_FIGHT
போர்,WAR
அண்ணால்,DIVINE_BROTHER
அவை,DEMONSTRATIVE_THOSE
அவை,DEMONSTRATIVE_THOSE
கொள்ளும்,ACTION_TAKE
கருவியும்,TOOL
நீயே,PRONOUN_YOU
முந்து,QUALITY_FIRST
யாம்,PRONOUN_WE
கூறிய,ACTION_SPOKE
ஐந்தனுள்ளும்,NUMBER_FIVE
ஒன்றனில்,NUMBER_ONE
போற்றிய,ACTION_CHERISH
விசும்பும்,SKY
நீயே,PRONOUN_YOU
இரண்டின்,NUMBER_TWO
உணரும்,ACTION_PERCEIVE
வளியும்,WIND
நீயே,PRONOUN_YOU
மூன்றின்,NUMBER_THREE
உணரும்,ACTION_PERCEIVE
தீயும்,FIRE
நீயே,PRONOUN_YOU
நான்கின்,NUMBER_FOUR
உணரும்,ACTION_PERCEIVE
நீரும்,WATER
நீயே,PRONOUN_YOU
அதனால்,THEREFORE
நின்,POSSESSIVE_YOUR
மருங்கின்று,QUALITY_FROM
மூஏழ்,NUMBER_TWENTYONE
உலகமும்,WORLD
மூலமும்,ORIGIN
அறனும்,DHARMA
முதன்மையின்,QUALITY_PRIMACY
இகந்த,ACTION_TRANSCEND
காலமும்,TIME
விசும்பும்,SKY
காற்றொடு,WIND
கனலும்,FIRE
பல்வேறு,QUALITY_VARIOUS
தோற்றத்துடன்,APPEARANCE_WITH
விளங்கும்,ACTION_SHINE
ஒரு,ONE
முதல்வன்,PRIMORDIAL
தன்,POSSESSIVE_OWN
உரு,FORM
உறழும்,ACTION_COMPARE
பாற்கடல்,OCEAN_MILKOCEAN
நாப்பண்,MIDDLE
மின்,LIGHTNING
அவிர்,ACTION_SHINE
சுடர்,LIGHT
மணி,GEM
ஆயிரம்,NUMBER_THOUSAND
விரித்த,ACTION_SPREAD
கவை,SHAPE_CURVED
நா,TONGUE
அருந்,QUALITY_RARE
தலை,HEAD
காண்பின்,ACTION_SEE
சேக்கை,BED
துளவம்,FLOWER_TULASI
சூடிய,ACTION_WORE
அறிதுயிலோனும்,DIVINE_SLEEPINGGOD
மறம்,VALOR
மிகு,QUALITY_GREAT
மலி,ACTION_ABOUND
ஒலி,SOUND
மாறு,ACTION_CHANGE
அடி,FOOT
தானையால்,ARMY
திறன்,SKILL
இகந்து,ACTION_TRANSCEND
வரூஉம்,ACTION_COME
அவர்,PRONOUN_THEY
உயிர்,LIFE
அகற்றும்,ACTION_REMOVE
விறல்,VALOR
மிகு,QUALITY_GREAT
வலி,STRENGTH
ஒலி,SOUND
பொலிபு,ACTION_SHINE
அகழ்,ACTION_DIG
புழுதியின்,DUST
நிறன்,COLOR
உழும்,ACTION_PLOUGH
வளை,SHAPE_CURVED
வாய்,MOUTH
நாஞ்சிலோனும்,WEAPON_PLOUGHMAN
நானிலம்,EARTH
துளக்கு,ACTION_SHAKE
அற,QUALITY_FIRM
முழு,QUALITY_FULL
முதல்,ORIGIN
நாற்றிய,ACTION_SCATTERED
பொலம்,METAL_GOLD
புனை,ACTION_ADORN
இதழ்,PETAL
அணி,ORNAMENT
மணி,GEM
மடற்,LEAF
பேர்,QUALITY_GREAT
அணி,ORNAMENT
இலங்கு,ACTION_SHINE
ஒளி,LIGHT
மருப்பின்,TUSK
களிறும்,ELEPHANT
ஆகி,ACTION_BECOME
மூஉரு,THREE
ஆகிய,ACTION_BECAME
தலைபிரி,ACTION_SEPARATE
ஒருவனை,ONE_MAN
புகழ்ந்து,PRAISE
போற்றுதல்,ACTION_CHERISH
படர்,ACTION_SPREAD
சிறை,WING
பல்,MANY
நிறப்,COLOR
பாப்புப்,BIRD
பகையைக்,ENEMY
கொடியென,FLAG_AS
கொண்ட,ACTION_TAKE
கோடாச்,QUALITY_UNBENDING
செல்வனை,RICHMAN
ஏவல்,COMMAND
இன்,QUALITY_SWEET
முது,QUALITY_OLD
மொழி,WORD
கூறும்,ACTION_SPEAK
சேவல்,ROOSTER
ஓங்கு,ACTION_RISE
உயர்,QUALITY_HIGH
கொடிச்,FLAG
செல்வ,WEALTH
நல்,QUALITY_GOOD
புகழவை,FAME
கார்,SEASON_RAINY
மலர்ப்,FLOWER
பூவை,FLOWER
கடலை,OCEAN
இருள்,DARKNESS
மணி,GEM
அவை,DEMONSTRATIVE_THOSE
ஐந்தும்,NUMBER_FIVE
உறழும்,ACTION_COMPARE
அணி,ORNAMENT
கிளர்,ACTION_SHINE
மேனியை,BODY
வலம்புரி,WEAPON_CONCH
வாய்,MOUTH
பொழி,ACTION_SHOWER
அதிர்பு,ACTION_RESOUND
வான்,SKY
முழக்குச்,SOUND_ROAR
செல்,ACTION_GO
அவை,DEMONSTRATIVE_THOSE
நான்கும்,NUMBER_FOUR
உறழும்,ACTION_COMPARE
அருள்,GRACE
செறல்,ACTION_ABOUND
வயின்,PLACE
மொழி,WORD
முடிந்ததும்,ACTION_FINISHED
முடிவதும்,ACTION_ENDING
முகிழ்ப்பதும்,ACTION_BUDDING
அவை,DEMONSTRATIVE_THOSE
மூன்றும்,NUMBER_THREE
கடந்து,ACTION_TRANSCEND
அவை,DEMONSTRATIVE_THOSE
அமைந்த,ACTION_ESTABLISHED
கழலின்,ANKLET
நிழலவை,SHADE
இருமை,STATE_TWO
வினையும்,KARMA
இல,ACTION_NONE
ஏத்துமவை,ACTION_PRAISE
ஒருமை,UNITY
வினை,KARMA
மேவும்,ACTION_ATTAIN
உள்ளத்தினை,HEART
அடை,ACTION_REACH
இறந்து,ACTION_TRANSCEND
அவிழ்ந்த,ACTION_BLOOMED
வள்,QUALITY_SOFT
இதழ்த்,PETAL
தாமரை,FLOWER_LOTUS
அடியும்,FOOT
கையும்,HAND
கண்ணும்,EYE
வாயும்,MOUTH
தொடியும்,BRACELET
உந்தியும்,NAVEL
தோள்,SHOULDER
அணி,ORNAMENT
வலயமும்,BANGLE
தாளும்,FOOT
தோளும்,SHOULDER
எருத்தொடு,NECK
பெரியை,QUALITY_LARGE
மார்பும்,CHEST
அல்குலும்,HIP
மனத்தொடு,MIND
பரியை,QUALITY_BROAD
கேள்வியும்,KNOWLEDGE
அறிவும்,WISDOM
அறத்தொடு,DHARMA_WITH
நுண்ணியை,QUALITY_SUBTLE
வேள்வியும்,SACRIFICE
மறனும்,VALOR
விருப்பொடு,DESIRE_WITH
வெய்யை,QUALITY_FIERY
அறாஅ,QUALITY_UNCEASING
மைந்தின்,STRENGTH
செறாஅச்,QUALITY_UNHINDERED
செங்கண்,RED_EYE
செரு,WAR
மிகு,QUALITY_GREAT
திகிரிச்,WEAPON_DISCUS
செல்வ,WEALTH
வெல்,ACTION_VICTORY
போர்,WAR
எரி,FIRE
நகை,SMILE
இடை,MIDDLE
இடுபு,ACTION_PLACE
இழைத்த,ACTION_ADORNED
நறுந்,QUALITY_FRAGRANT
தார்ப்,GARLAND
புரி,ACTION_TWIST
மலர்த்,FLOWER
துழாஅய்,ACTION_STIR
மேவல்,ACTION_ATTAIN
மார்பினோய்,CHEST
அன்னை,MOTHER
என,QUOTE_SAYING
நினைஇ,ACTION_THINK
நின்,POSSESSIVE_YOUR
அடி,FOOT
தொழுதனெம்,ACTION_WORSHIPPED
பல்,MANY
மாண்,QUALITY_EXCELLENT
அடுக்க,ACTION_PILE
இறைஞ்சினெம்,ACTION_BOWED
வாழ்த்தினெம்,ACTION_BLESSED
முன்னும்,BEFORE
முன்னும்,BEFORE
யாம்,PRONOUN_WE
செய்,ACTION_DO
தவப்,TAPAS
பயத்தால்,FRUIT_FRUIT
இன்னும்,STILL
இன்னும்,STILL
எம்,POSSESSIVE_OUR
காமம்,DESIRE
இதுவே,DEMONSTRATIVE_THIS
பாடியவர்,PEOPLE_POET
கேசவனார்,PEOPLE_POET_KESAVANAR
இசையமைத்தவர்,PEOPLE_MUSICIAN
கேசவனார்,PEOPLE_POET_KESAVANAR
பண்,MUSIC_MELODY
நோதிறம்,MUSIC_RAGA_NOTHIRAM
செவ்வேள்,DIVINE_MURUGAN
பருவன்,SEASON
கண்டு,ACTION_SEE
அழிந்த,ACTION_DESTROYED
தலைமகள்,PEOPLE_HEROINE
கேட்ப,ACTION_LISTEN
முருகவேளை,DIVINE_MURUGAN
பரவுவாளாய்,ACTION_WORSHIP
இம்,DEMONSTRATIVE_THIS
பருவத்தே,SEASON
தலைமகன்,PEOPLE_HERO
வரும்,ACTION_COME
என்பதுபட,SPEECH_SAYING
தோழி,PEOPLE_FRIEND
வற்புறுத்தியது,ACTION_URGED
முருகனது,DIVINE_MURUGAN
குன்றில்,MOUNTAIN
கார்காலத்,SEASON_RAINY
தன்மை,QUALITY_NATURE
மிகுதல்,ACTION_INCREASE
கார்,SEASON_RAINY
மலி,ACTION_ABOUND
கதழ்,ACTION_FLOW
பெயல்,RAIN
தலைஇ,ACTION_BEGIN
ஏற்ற,ACTION_ASCEND
நீர்,WATER
மலி,ACTION_ABOUND
நிறை,ACTION_FILL
சுனை,POOL
பூ,FLOWER
மலர்ந்தனவே,ACTION_BLOOMED
தண்,QUALITY_COOL
நறுங்,QUALITY_FRAGRANT
கடம்பின்,TREE_KADAMBA
கமழ்,FRAGRANCE
தாது,POLLEN
ஊதும்,ACTION_BLOW
வண்ண,COLOR
வண்டு,BEE
இமிர்,BUZZ
குரல்,SOUND
பண்ணை,MELODY
போன்றனவே,COMPARISON_LIKE
அடியுறைமகளிர்,PEOPLE_FEMALE_WORSHIPPER
ஆடும்,ACTION_DANCE
தோளே,SHOULDER
நெடு,QUALITY_LONG
வரை,MOUNTAIN
அடுக்கத்து,RANGE
வேய்,BAMBOO
போன்றனவே,COMPARISON_LIKE
வாகை,FLOWER_VAGAI
ஒண்,QUALITY_BRIGHT
பூப்,FLOWER
புரையும்,ACTION_RESEMBLE
முச்சிய,HAIR_BUN
தோகை,PEACOCK
ஆர்,ACTION_FILL
குரல்,SOUND
மணந்து,ACTION_UNITE
தணந்தோரை,SEPARATED
நீடன்மின்,LONGEVITY
வாரும்,ACTION_COME
என்பவர்,SPEAKER
சொல்,WORD
போன்றனவே,COMPARISON_LIKE
நாள்,DAY
மலர்க்,FLOWER
கொன்றையும்,FLOWER_KONRAI
பொலந்,QUALITY_SHINING
தார்,GARLAND
போன்றன,COMPARISON_LIKE
வெல்,ACTION_VICTORY
இணர்,FLOWER_CLUSTER
வேங்கை,FLOWER_VENGAI
வியல்,QUALITY_SPACIOUS
அறைத்,HALL
தாயின,BIRTH
அழுகை,WEEPING
மகளிர்க்கு,PEOPLE_WOMEN
உழுவை,ACTION_PLOUGH
செப்ப,ACTION_SPEAK
நீர்,WATER
அயல்,NEIGHBOR
கலித்த,ACTION_FILLED
நெரி,ACTION_CRUSH
முகை,BUD
க்காந்தள்,FLOWER_KANTHAL
வார்,QUALITY_LONG
குலை,BUNCH
அவிழ்ந்த,ACTION_BLOOMED
வள்,QUALITY_SOFT
இதழ்,PETAL
நிரை,ROW
தொறும்,EACH
விடு,ACTION_RELEASE
கொடிப்,CREEPER
பிறந்த,ACTION_BORN
மென்,QUALITY_SOFT
தகைத்,BEAUTY
தோன்றிப்,APPEARANCE
பவழத்து,CORAL
அன்ன,COMPARISON_LIKE
வெம்,QUALITY_HOT
பூத்,FLOWER
தாஅய்,ACTION_ABOUND
கார்,SEASON_RAINY
மலிந்தன்று,ACTION_ABOUNDED
நின்,POSSESSIVE_YOUR
குன்று,MOUNTAIN
போர்,WAR
மலிந்து,ACTION_ABOUND
முருகனை,DIVINE_MURUGAN
புகழ்ந்து,PRAISE
போற்றுதல்,ACTION_CHERISH
சூர்,DEMON_SOORAN
மருங்கு,SIDE
அறுத்த,ACTION_CUT
சுடர்ப்,BRIGHT
படையோய்,WEAPON
கறை,STAIN
இல்,ACTION_NONE
கார்,SEASON_RAINY
மழை,RAIN
பொங்கி,ACTION_SWELL
அன்ன,COMPARISON_LIKE
நறையின்,FRAGRANCE
நறும்,QUALITY_FRAGRANT
புகை,SMOKE
நனி,ADV_VERY
அமர்ந்தோயே,ACTION_SEATED
அறு,SIX
முகத்து,FACE
ஆறு,SIX
இரு,TWO
தோளால்,SHOULDER
வென்றி,VICTORY
நறு,QUALITY_FRAGRANT
மலர்,FLOWER
வள்ளிப்,FLOWER_VALLI
பூ,FLOWER
நயந்தோயே,ACTION_DESIRED
கெழீஇ,ACTION_UNITE
க்கேளிர்,KINSMAN
சுற்ற,ACTION_SURROUND
நின்னை,PRONOUN_YOU
எழீஇ,ACTION_RAISE
ப்பாடும்,ACTION_SING
பாட்டு,SONG
அமர்ந்தோயே,ACTION_SEATED
பிறந்த,ACTION_BORN
ஞான்றே,WHEN
நின்னை,PRONOUN_YOU
உட்கி,ACTION_MEDITATE
சிறந்தோர்,PEOPLE_EXALTED
அஞ்சிய,ACTION_FEARED
சீர்,GLORY
உடையோயே,POSSESSOR
இரு,TWO
பிறப்பு,BIRTH
இரு,TWO
பெயர்,NAME
ஈர,TWO
நெஞ்சத்து,HEART
ஒரு,ONE
பெயர்,NAME
அந்தணர்,PEOPLE_BRAHMIN
அறன்,DHARMA
அமர்ந்தோயே,ACTION_SEATED
விண்ணப்பம்,PRAYER
அன்னை,MOTHER
ஆகலின்,BECAUSE
அமர்ந்து,ACTION_SIT
யாம்,PRONOUN_WE
நின்னை,PRONOUN_YOU
துன்னி,ACTION_APPROACH
துன்னி,ACTION_APPROACH
வழிபடுவதன்,ACTION_WORSHIP
பயம்,FRUIT
இன்னும்,STILL
இன்னும்,STILL
அவை,DEMONSTRATIVE_THOSE
ஆகுக,ACTION_BECOME
தொன்,QUALITY_ANCIENT
முதிர்,QUALITY_MATURE
மரபின்,TRADITION
நின்,POSSESSIVE_YOUR
புகழினும்,FAME_THAN
பலவே,MANY
கடவுள்,DIVINE_GOD
வாழ்த்து,BLESSING
பாடியவர்,PEOPLE_POET
இளம்பெருவழுதியார்,PEOPLE_POET_ILAMPERUVAZHUTHIYAR
திருமால்,DIVINE_VISHNU
இசையமைத்தவர்,PEOPLE_MUSICIAN
மருத்துவன்,PEOPLE_PHYSICIAN
நல்லச்சுதனார்,PEOPLE_POET_NALLACHUTHANAR
பண்,MUSIC_MELODY
நோதிறம்,MUSIC_RAGA_NOTHIRAM
திருமாலிருங்குன்றத்தின்,DIVINE_VISHNUMOUNTAIN
சிறப்பு,EXCELLENCE
புல,EARTH
வரை,MOUNTAIN
அறியாப்,KNOWN_UNKNOWN
புகழொடு,FAME_WITH
பொலிந்து,ACTION_SHINE
நில,EARTH
வரைத்,MOUNTAIN
தாங்கிய,ACTION_SUPPORT
நிலைமையின்,STATE
பெயராத்,UNCHANGING
தொலையா,UNENDING
நேமி,WEAPON_DISCUS
முதல்,ORIGIN
தொல்,ANCIENT
இசை,FAME
அமையும்,ACTION_RESIDE
புலவர்,PEOPLE_SCHOLAR
ஆய்பு,ACTION_EXAMINE
உரைத்த,ACTION_SPOKE
புனை,ACTION_ADORN
நெடுங்,QUALITY_LONG
குன்றம்,MOUNTAIN
பல,MANY
எனின்,IF
ஆங்கு,ADV_THERE
அவை,DEMONSTRATIVE_THOSE
பலவே,MANY
பலவினும்,MANY_THAN
நிலவரை,MOUNTAIN
ஆற்றி,ACTION_PERFORM
நிறை,ACTION_FILL
பயன்,FRUIT
ஒருங்கு,TOGETHER
உடன்,WITH
நின்று,ACTION_STAND
பெற,ACTION_RECEIVE
நிகழும்,ACTION_HAPPEN
குன்று,MOUNTAIN
அவை,DEMONSTRATIVE_THOSE
சிலவே,FEW
சிலவினும்,FEW_THAN
சிறந்தன,ACTION_EXCELLED
தெய்வம்,DIVINE_DEITY
பெட்புறும்,ACTION_DELIGHT
மலர்,FLOWER
அகல்,QUALITY_BROAD
மார்பின்,CHEST
மை,COLOR_DARK
படி,ACTION_APPLY
குடுமிய,HAIR_KNOT
குல,LINEAGE
வரை,MOUNTAIN
சிலவே,FEW
குல,LINEAGE
வரை,MOUNTAIN
சிலவினும்,FEW_THAN
சிறந்தது,ACTION_EXCELLED
கல்,STONE
அறை,CAVE
கடாம்,DRUM
கானலும்,BEACH
போலவும்,COMPARISON_LIKE
புல்லிய,INFERIOR
சொல்லும்,WORD
பொருளும்,MEANING
போலவும்,COMPARISON_LIKE
எல்லாம்,ALL
வேறு,DIFFERENT
வேறு,DIFFERENT
உருவின்,FORM
ஒரு,ONE
தொழில்,WORK
இருவர்த்,TWO_PEOPLE
தாங்கும்,ACTION_SUPPORT
நீள்,QUALITY_LONG
நிலை,STATE
ஓங்கு,ACTION_RISE
இருங்குன்றம்,DARK_MOUNTAIN
நாறு,FRAGRANCE
இணர்த்,CLUSTER
துழாயோன்,DIVINE_TULASIMAN
நல்கின்,ACTION_GIVE
அல்லதை,UNLESS
ஏறுதல்,ACTION_ASCEND
எளிதோ,EASY
வீறு,GLORY
பெறு,ACTION_RECEIVE
துறக்கம்,HEAVEN
அரிதின்,DIFFICULT
பெறு,ACTION_RECEIVE
துறக்கம்,HEAVEN
மாலிருங்குன்றம்,DIVINE_VISHNUMOUNTAIN
எளிதின்,EASY
பெறல்,ACTION_RECEIVE
உரிமை,RIGHT
ஏத்துகம்,ACTION_PRAISE
சிலம்ப,ACTION_RESOUND
திருமால்,DIVINE_VISHNU
பலராமனுடன்,DIVINE_BALARAMA
அமர்ந்துள்ள,ACTION_SEATED
நிலை,STATE
நினைந்து,ACTION_REMEMBER
ஏத்துகா,ACTION_PRAISE
எனல்,QUOTE_SAYING
அரா,SERPENT
அணர்,HOOD
கயந்,ACTION_BEND
தலைத்,HEAD
தம்முன்,FRONT
மார்பின்,CHEST
மரா,UNFADING
மலர்த்,FLOWER
தாரின்,GARLAND
மாண்,EXCELLENT
வரத்,ACTION_COME
தோன்றி,ACTION_APPEAR
அலங்கும்,ACTION_ADORN
அருவி,WATERFALL
ஆர்த்து,ACTION_RESOUND
இமிழ்பு,ACTION_RESOUND
இழிய,ACTION_DESCEND
சிலம்பாறு,RIVER_SILAMBA
அணிந்த,ACTION_ADORNED
சீர்,GLORY
கெழு,ACTION_ABOUND
திருவின்,DIVINE
சோலையொடு,GROVE_WITH
தொடர்,ACTION_CONNECT
மொழி,WORD
மாலிருங்குன்றம்,DIVINE_VISHNUMOUNTAIN
தாம்,PRONOUN_THEY
வீழ்,ACTION_FALL
காமம்,DESIRE
வித்துபு,ACTION_SOW
விளைக்கும்,ACTION_PRODUCE
நாமத்து,NAME
தன்மை,NATURE
நன்கனம்,ACTION_KNOWWELL
படி,ACTION_APPLY
எழ,ACTION_RISE
யாமத்து,NIGHT
தன்மை,NATURE
இவ்,DEMONSTRATIVE_THIS
ஐ,FIVE
இருங்குன்றத்து,DARK_MOUNTAIN
மன்,QUALITY_FIRM
புனல்,WATER_FLOOD
இள,YOUNG
வெயில்,SUNHEAT
வளாவ,ACTION_SPREAD
இருள்,DARKNESS
வளர்வென,ACTION_GROW
பொன்,GOLD
புனை,ACTION_ADORN
உடுக்கையோன்,CLOTHED_GOD
புணஎந்து,WOUND_BEARING
அமர்,ACTION_FIGHT
நிலையே,STATE
நினைமின்,ACTION_THINK
மாந்தீர்,PEOPLE_HUMANS
கேண்மின்,ACTION_LISTEN
கமழ்,FRAGRANCE
சீர்,GLORY
மாயோனை,DIVINE_MAYON
ஒத்த,ACTION_RESEMBLE
நிலையுடைத்து,STATE
திருமாலிருஞ்சோலைக்,DIVINE_VISHNUGROVE
குன்றம்,MOUNTAIN
சுனையெலாம்,ALL_POOLS
நீலம்,FLOWER_BLUELOTUS
மலர,ACTION_BLOOM
சுனை,POOL
சூழ்,ACTION_SURROUND
சினையெலாம்,ALL_BRANCHES
செயலை,FLOWER_SELAI
மலர,ACTION_BLOOM
காய்,FRUIT
கனி,FRUIT
உறழ,ACTION_COMPETE
நனை,ACTION_MOISTEN
வேங்கை,FLOWER_VENGAI
ஒள்,QUALITY_BRIGHT
இணர்,CLUSTER
மலர,ACTION_BLOOM
மாயோன்,DIVINE_MAYON
ஒத்த,ACTION_RESEMBLE
இன்,QUALITY_SWEET
நிலைத்தே,STATE
சென்று,ACTION_GO
தொழ,ACTION_WORSHIP
மாட்டாதார்,UNABLE
அம்,DEMONSTRATIVE_THAT
மலையை,MOUNTAIN
கண்டு,ACTION_SEE
தொழுக,ACTION_WORSHIP
எனல்,QUOTE_SAYING
சென்று,ACTION_GO
தொழுகல்லீர்,UNABLE_TO_WORSHIP
கண்டு,ACTION_SEE
பணிமின்மே,ACTION_WORSHIP
இருங்குன்று,DARK_MOUNTAIN
என்னும்,QUOTE_SAYING
பெயர்,NAME
பரந்ததுவே,ACTION_SPREAD
பெருங்,GREAT
கலி,ACTION_FLOURISH
ஞாலத்துத்,WORLD_IN
தொன்று,ANCIENT
இயல்,NATURE
புகழது,FAME
கண்டு,ACTION_SEE
மயர்,ACTION_CONFUSE
அறுக்கும்,ACTION_CUT
காமக்,DESIRE
கடவுள்,DIVINE_GOD
குன்றத்தில்,MOUNTAIN
பிறக்கும்,ACTION_BORN
ஓசைகள்,SOUNDS
மக,GREAT
முயங்கு,ACTION_EMBRACE
மந்தி,MONKEY
வரைவரை,MOUNTAIN
பாய,ACTION_JUMP
முகிழ்,BUD
மயங்கு,ACTION_MIX
முல்லை,FLOWER_MULLAI
முறை,ORDER
நிகழ்வு,EVENT
காட்ட,ACTION_SHOW
மணி,GEM
மருள்,ACTION_DAZZLE
நல்,GOOD
நீர்ச்,WATER
சினை,BRANCH
மட,TAME
மயில்,PEACOCK
அகவ,ACTION_CRY
குருகு,HERON
இலை,LEAF
உதிர,ACTION_FALL
குயிலினம்,KOEL_FLOCK
கூவ,ACTION_CALL
பகர்,ACTION_SPEAK
குழல்,FLUTE
பாண்டில்,MUSICAL
இயம்ப,ACTION_SOUND
அகவுநர்,PEOPLE_SINGER
நா,TONGUE
நவில்,ACTION_SPEAK
பாடல்,SONG
முழவு,DRUM
எதிர்ந்தன்ன,ACTION_RESOUND
சிலம்பின்,ANKLET
சிலம்பு,ANKLET
இசை,SOUND
ஓவாது,UNCEASING
ஒன்னார்க்,ENEMY
கடந்து,ACTION_TRANSCEND
அட்டான்,ACTION_DEFEAT
கேழ்,GLORY
இருங்குன்று,DARK_MOUNTAIN
குன்றத்தானை,MOUNTAIN_LORD
சுற்றம்,FAMILY
புடை,ACTION_SURROUND
சூழப்,ACTION_SURROUND
போற்றுமின்,ACTION_CHERISH
தையலவரொடும்,WOMEN_WITH
தந்தாரவரொடும்,PARENTS_WITH
கைம்,YOUNG
மகவோடும்,CHILD_WITH
காதலவரொடும்,LOVER_WITH
தெய்வம்,DIVINE_DEITY
பேணி,ACTION_CHERISH
திசை,DIRECTION
தொழுதனிர்,ACTION_WORSHIPPED
செல்மின்,ACTION_GO
புவ்வத்,EARTH
தாமரை,LOTUS
புரையும்,ACTION_RESEMBLE
கண்ணன்,DIVINE_KRISHNA
வௌவல்,ACTION_SNATCH
கார்,SEASON_RAINY
இருள்,DARKNESS
மயங்கு,ACTION_MIX
மணி,GEM
மேனியன்,BODY
எவ்வயின்,WHERE
உலகத்தும்,WORLD_IN
தோன்றி,ACTION_APPEAR
அவ்வயின்,THERE
மன்பது,HUMANITY
மறுக்கத்,ACTION_REFUSE
துன்பம்,SORROW
களைவோன்,ACTION_REMOVER
அன்பு,LOVE
அது,DEMONSTRATIVE_THAT
மேஎய்,SUPREME
இருங்குன்றத்தான்,DARK_MOUNTAIN_LORD
பலதேவ,DIVINE_BALADEVA
வாசுதேவர்கள்,DIVINE_VASUDEVAS
இருவரையும்,TWO
வாழ்த்துதல்,ACTION_BLESS
கள்,LIQUOR
அணி,ORNAMENT
பசுந்,GREEN
துளவினவை,TULASI_FLOWERS
கருங்,DARK
குன்றனையவை,MOUNTAIN_LIKE
ஒள்,BRIGHT
ஒளியவை,LIGHT
ஒரு,ONE
குழையவை,EARRING
புள்,BIRD
அணி,ORNAMENT
பொலங்,SHINING
கொடியவை,FLAG
வள்,SHARP
அணி,ORNAMENT
வளை,CURVED
நாஞ்சிலவை,WEAPON_PLOUGH
சலம்,WATER
புரி,ACTION_TWIST
தண்டு,STAFF
ஏந்தினவை,ACTION_HELD
வலம்புரி,WEAPON_CONCH
வய,STRONG
நேமியவை,WEAPON_DISCUS
வரி,LINE
சிலை,BOW
வய,STRONG
அம்பினவை,ARROW
புகர்,SPOT
இணர்,CLUSTER
சூழ்,ACTION_SURROUND
வட்டத்தவை,CIRCLE
புகர்,SPOT
வாளவை,SWORD
என,QUOTE_SAYING
ஆங்கு,ADV_THUS
நலம்,GOODNESS
புரீஇ,ACTION_PERFORM
அம்,DEMONSTRATIVE_THAT
சீர்,GLORY
நாம,NAME
வாய்மொழி,TRUTHFUL_WORD
இது,DEMONSTRATIVE_THIS
என,QUOTE_SAYING
உரைத்தல்,ACTION_SPEAK
இன்,SWEET
எம்,POSSESSIVE_OUR
உள்,INSIDE
அமர்ந்து,ACTION_SIT
இசைத்து,ACTION_SING
இறை,LORD
இருங்குன்றத்து,DARK_MOUNTAIN
அடி,FOOT
உறை,ACTION_RESIDE
இயைக,ACTION_ATTAIN
என,QUOTE_SAYING
பெரும்,GREAT
பெயர்,NAME
இருவரை,TWO
பரவுதும்,ACTION_PRAISE
தொழுதே,ACTION_WORSHIP
வையை,RIVER
காதற்,LOVE
பரத்தையுடன்,COURTESAN_WITH
புனல்,WATER_FLOOD
ஆடிய,ACTION_BATHED
தலைமகன்,PEOPLE_HERO
தோழியை,PEOPLE_FRIEND
வாயில்,DOOR
வேண்ட,ACTION_REQUEST
அவள்,PRONOUN_SHE
புனல்,WATER_FLOOD
ஆடியவாறு,ACTION_BATHED
கூறி,ACTION_SPEAK
வாயில்,DOOR
மறுத்தது,ACTION_REFUSED
பாடியவர்,PEOPLE_POET
நல்வழிசியார்,PEOPLE_POET_NALVAZHISIYAR
இசையமைத்தவர்,PEOPLE_MUSICIAN
நல்லச்சுதனார்,PEOPLE_POET_NALLACHUTHANAR
பண்,MUSIC_MELODY
நோதிறம்,MUSIC_RAGA_NOTHIRAM
வையையில்,RIVER
நீர்,WATER
வரவு,ARRIVAL
கரையே,RIVERBANK
கை,HAND
வண்,GENEROUS
தோன்றல்,APPEARANCE
ஈகை,GIFT
போன்ம்,ACTION_GONE
என,QUOTE_SAYING
மை,DARK
படு,ACTION_APPLY
சிலம்பின்,ANKLET
கறியொடும்,PASTE_WITH
சாந்தொடும்,SANDAL_WITH
நெய்,OIL
குடை,ACTION_POUR
தயிரின்,CURD
நுரையொடும்,FOAM_WITH
பிறவொடும்,OTHERS_WITH
எவ்,WHICH
வயினானும்,PLACE_FROM
மீதுமீது,TOP
அழியும்,ACTION_PERISH
துறையே,RIVERBANK
முத்து,PEARL
நேர்பு,ACTION_MATCH
புணர்,ACTION_UNITE
காழ்,DENSE
மத்தக,ELEPHANT_FOREHEAD
நித்திலம்,PEARL
பொலம்,GOLD
புனை,ACTION_ADORN
அவிர்,ACTION_SHINE
இழை,JEWELRY
கலங்கல்,ACTION_AGITATE
அம்,DEMONSTRATIVE_THAT
புனல்,WATER_FLOOD
மணி,GEM
வலம்,RIGHT
சுழி,WHIRL
உந்திய,ACTION_PUSH
திணை,TRIBE
பிரி,ACTION_SEPARATE
புதல்வர்,CHILDREN
கயந்,ACTION_BEND
தலை,HEAD
முச்சிய,BUN
முஞ்சமொடு,WITH
தழீஇ,ACTION_EMBRACE
தம்தம்,POSSESSIVE_THEIR
துணையோடு,COMPANION_WITH
ஒருங்கு,TOGETHER
உடன்,WITH
ஆடும்,ACTION_BATHE
தத்து,ACTION_LEAP
அரிக்,TIGER
கண்ணார்,EYE
தலைத்தலை,HEAD
வருமே,ACTION_COME
செறுவே,GARDEN
விடு,ACTION_RELEASE
மலர்,FLOWER
சுமந்து,ACTION_CARRY
பூ,FLOWER
நீர்,WATER
நிறைதலின்,ACTION_FILL
படு,ACTION_FALL
கண்,EYE
இமிழ்,ACTION_RESOUND
கொளை,ACTION_CAPTURE
பயின்றனர்,ACTION_PRACTICED
ஆடும்,ACTION_BATHE
களி,JOY
நாள்,DAY
அரங்கின்,STAGE
அணி,ORNAMENT
நலம்,GOODNESS
புரையும்,ACTION_RESEMBLE
காவே,GROVE
சுரும்பு,BEE
இமிர்,ACTION_BUZZ
தாதொடு,POWDER_WITH
தலைத்தலை,HEAD
மிகூஉம்,ACTION_INCREASE
நரந்த,FRAGRANCE
நறு,FRAGRANT
மலர்,FLOWER
நன்கு,ADV_WELL
அளிக்கும்மே,ACTION_GIVE
கரைபு,ACTION_OVERFLOW
ஒழுகு,ACTION_FLOW
தீம்,SWEET
புனற்கு,WATER_FLOOD
எதிர்,OPPOSITE
விருந்து,GUEST
அயர்வ,PLEASURE
போல்,COMPARISON_LIKE
கான்,FOREST
அலம்,ACTION_WANDER
காவும்,GROVE
கயமுன்,RIVERBANK
துருத்தியும்,BUD
தேன்,HONEY
தேன்,HONEY
உண்டு,ACTION_EAT
பாட,ACTION_SING
திசைதிசை,DIRECTION
பூ,FLOWER
நலம்,GOODNESS
பூத்தன்று,ACTION_BLOOMED
வையை,RIVER
வரவு,ARRIVAL
தலைவன்,PEOPLE_HERO
காதற்,LOVE
பரத்தையுடன்,COURTESAN_WITH
கூடி,ACTION_UNITE
மகிழ,ACTION_REJOICE
வையை,RIVER
வரவு,ARRIVAL
வாய்த்தல்,ACTION_OBTAINED
கருங்கையின்,DARK_HAND
ஆயத்தார்,COMPANIONS
சுற்றும்,ACTION_SURROUND
எறிந்து,ACTION_THROW
குரும்பையின்,BUD
முலைப்,BREAST
பட்ட,ACTION_HIT
பூ,FLOWER
நீர்,WATER
துடையாள்,ACTION_WIPED
பெருந்,GREAT
தகை,DIGNITY
மீளி,ACTION_RETURN
வருவானை,PEOPLE_COMING
கண்டே,ACTION_SAW
இருந்,DARK
துகில்,CLOTH
தானையின்,ARMY
ஒற்றி,ACTION_SPY
பொருந்தலை,ACTION_UNITE
பூத்தனள்,ACTION_BLOOMED
நீங்கு,ACTION_LEAVE
என,QUOTE_SAYING
பொய்,LIE
ஆற்றால்,METHOD
தோழியர்,FRIENDS
தோற்றம்,APPEARANCE
ஓர்,ONE
ஒத்த,ACTION_RESEMBLE
மலர்,FLOWER
கமழ்,FRAGRANCE
தண்,COOL
சாந்தின்,SANDALWOOD
நாற்றத்தின்,FRAGRANCE_FROM
போற்றி,ACTION_CHERISH
நகையொடும்,LAUGHTER_WITH
போத்தந்து,ACTION_BROUGHT
இருங்,DARK
கடற்கு,OCEAN
ஊங்கு,ACTION_RISE
இவரும்,ACTION_COME
யாறு,RIVER
என,QUOTE_SAYING
தங்கான்,ACTION_STAY
மகிழ,ACTION_REJOICE
களிப்,JOY
பட்ட,ACTION_AFFECTED
தேன்,HONEY
தேறல்,NECTAR
மாற்றி,ACTION_EXCHANGE
குருதி,BLOOD
துடையாக்,WIPE
குறுகி,ACTION_APPROACH
மரு,ACTION_SMELL
இனியர்,PLEASANT
பூத்தனள்,ACTION_BLOOMED
நங்கை,YOUNG_WOMAN
பொலிக,ACTION_SHINE
என,QUOTE_SAYING
நாணுதல்,SHAME
வாய்த்தன்றால்,ACTION_OBTAINED
வையை,RIVER
வரவு,ARRIVAL
வையை,RIVER
வானக்,HEAVENLY
கங்கையை,RIVER_GANGA
ஒத்த,ACTION_RESEMBLE
விளங்குதல்,ACTION_SHINE
மலையின்,MOUNTAIN_FROM
இழி,ACTION_DESCEND
அருவி,WATERFALL
மல்கு,ACTION_ABOUND
இணர்ச்,CLUSTER
சார்ச்,SLOPE
சார்க்,SLOPE
கரை,RIVERBANK
மரம்,TREE
சேர்ந்து,ACTION_JOIN
கவினி,ACTION_ADORN
மடவார்,GENTLEWOMEN
நனை,ACTION_MOISTEN
சேர்,ACTION_JOIN
கதுப்பினுள்,HAIR_LOCKS
தண்,COOL
போது,FLOWER
மைந்தர்,YOUTH
மலர்,FLOWER
மார்பின்,CHEST
சோர்ந்த,ACTION_DROPPED
மலர்,FLOWER
இதழ்,PETAL
தாஅய்,ACTION_ABOUND
மீன்,FISH
ஆரம்,NECKLACE
பூத்த,ACTION_BLOOMED
வியன்,SPACIOUS
கங்கை,RIVER_GANGA
நந்திய,ACTION_FLOWED
வானம்,SKY
பெயர்ந்த,ACTION_MOVED
மருங்கு,SIDE
ஒத்தல்,ACTION_RESEMBLE
எஞ்ஞான்றும்,ALWAYS
தேன்,HONEY
இமிர்,ACTION_BUZZ
வையைக்கு,RIVER
இயல்பு,NATURE
வையைக்கு,RIVER
உரிய,RIGHT
இயல்பு,NATURE
கள்ளே,LIQUOR
புனலே,WATER_FLOOD
புலவி,ANGER
இம்,DEMONSTRATIVE_THIS
மூன்றினும்,THREE
ஒள்,BRIGHT
ஒளி,LIGHT
சேய்தா,DISTANCE
ஒளி,LIGHT
கிளர்,ACTION_SHINE
உண்,ACTION_EAT
கண்,EYE
கெண்டை,FISH_KENDAI
பல்,MANY
வரி,LINE
வண்டினம்,BEES
வாய்,MOUTH
சூழ்,ACTION_SURROUND
கவினொடும்,BEAUTY_WITH
வெல்,ACTION_VICTORY
நீர்,WATER
வீவயின்,PLACE
தேன்,HONEY
சோர,ACTION_DROP
பல்,MANY
நீர்,WATER
அடுத்தடுத்து,REPEATED
ஆடுவார்ப்,BATHERS
புல்ல,ACTION_EMBRACE
குழைந்து,ACTION_MELT
வடுப்,WOUND
படு,ACTION_AFFECT
மான்மதச்,DEERMUSK
சாந்து,SANDAL
ஆர்,ACTION_FILL
அகலத்தான்,CHEST
எடுத்த,ACTION_RAISE
வேய்,BAMBOO
எக்கி,ACTION_RAISE
நூக்கு,ACTION_DIVE
உயர்பு,ACTION_RISE
தாக்கத்,ACTION_STRIKE
தொடுத்த,ACTION_STRING
தேன்,HONEY
சோரும்,ACTION_DROP
வரை,MOUNTAIN
போலும்,COMPARISON_LIKE
தோற்றம்,APPEARANCE
கொடித்,CRUEL
தேரான்,CHARIOTEER
வையைக்கு,RIVER
இயல்பு,NATURE
தோழி,PEOPLE_FRIEND
வையையை,RIVER
நோக்கிக்,ACTION_LOOK
கூறுவாளாய்,ACTION_SPEAK
வாயில்,DOOR
மறுத்தல்,ACTION_REFUSE
வரை,MOUNTAIN
ஆர்க்கும்,ACTION_RESOUND
புயல்,STORM
கரை,RIVERBANK
திரை,WAVE
ஆர்க்கும்,ACTION_RESOUND
இத்,DEMONSTRATIVE_THIS
தீம்,SWEET
புனல்,WATER_FLOOD
கண்ணியர்,EYE_WOMEN
தாரர்,GARLAND_MEN
கமழ்,FRAGRANCE
நறுங்,FRAGRANT
கோதையர்,GARLAND_WOMEN
பண்ணிய,ACTION_PERFORMED
ஈகைப்,GIFT
பயன்,FRUIT
கொள்வான்,ACTION_RECEIVE
ஆடலால்,DANCE_BY
நாள்,DAY
நாள்,DAY
உறையும்,ACTION_RESIDE
நறுஞ்சாந்தும்,SANDALWOOD
கோதையும்,GARLAND
பூத்த,ACTION_BLOOMED
புகையும்,SMOKE
அவியும்,INCENSE
புலராமை,ACTION_NOTDRY
மறாஅற்க,ACTION_NOTCEASE
வானம்,SKY
மலிதந்து,ACTION_ABOUND
நீத்தம்,WATER
வறாஅற்க,ACTION_NOTDIMINISH
வைகை,RIVER
நினக்கு,POSSESSIVE_YOUR
கடவுள்,DIVINE_GOD
வாழ்த்து,BLESSING
பாடியவர்,PEOPLE_POET
நல்லழிசியார்,PEOPLE_POET_NALLAZHISIYAR
இசையமைத்தவர்,PEOPLE_MUSICIAN
நல்லச்சுதனார்,PEOPLE_POET_NALLACHUTHANAR
பண்,MUSIC_MELODY
நோதிறம்,MUSIC_RAGA_NOTHIRAM
செவ்வேள்,DIVINE_MURUGAN
மாலைதோறும்,EACH_EVENING
பரங்குன்றை,MOUNTAIN_PARANGUNRAM
பரவி,ACTION_PRAISE
உறைபவர்,RESIDENTS
தேம்,SWEET
படு,ACTION_AFFECT
மலர்,FLOWER
குழை,EARRING
பூந்,FLOWER
துகில்,CLOTH
வடி,ACTION_SHAPE
மணி,GEM
ஏந்து,ACTION_HOLD
இலை,LEAF
சுமந்து,ACTION_CARRY
சாந்தம்,SANDALWOOD
விரைஇ,ACTION_SPREAD
விடை,BULL
அரை,WAIST
அசைத்த,ACTION_MOVE
வேலன்,PRIEST
கடிமரம்,SACRED_TREE
பரவினர்,WORSHIPPERS
உரையொடு,SPEECH_WITH
பண்ணிய,ACTION_PERFORMED
இசையினர்,MUSICIANS
விரிமலர்,BLOOMED_FLOWER
மதுவின்,HONEY_FROM
மரன்,TREE
நனை,ACTION_MOISTEN
குன்றத்து,MOUNTAIN
கோல்,STAFF
எரி,FIRE
கொளை,ACTION_CAPTURE
நறை,FRAGRANCE
புகை,SMOKE
கொடி,FLAG
ஒருங்கு,TOGETHER
எழ,ACTION_RISE
மாலை,EVENING
மாலை,EVENING
அடி,FOOT
உறை,ACTION_RESIDE
இயைநர்,ATTAINERS
மேலோர்,SUPERIOR
உறையுளும்,ABODE
வேண்டுநர்,SEEKERS
யாஅர்,WHO
மாறுமாறு,CHANGE
எழும்,ACTION_RISE
பல்வேறு,VARIOUS
ஓசைகளை,SOUNDS
உடையது,POSSESSOR
பரங்குன்றம்,MOUNTAIN_PARANGUNRAM
ஒருதிறம்,ONE_SIDE
பாணர்,BARD
யாழின்,INSTRUMENT_YAZH
தீங்,SWEET
குரல்,VOICE
எழ,ACTION_RISE
ஒருதிறம்,ONE_SIDE
யாணர்,NEW
வண்டின்,BEE
இமிர்,ACTION_BUZZ
இசை,SOUND
எழ,ACTION_RISE
ஒருதிறம்,ONE_SIDE
கண்,EYE
ஆர்,ACTION_FILL
குழலின்,FLUTE
கரைபு,ACTION_OVERFLOW
எழ,ACTION_RISE
ஒருதிறம்,ONE_SIDE
பண்,MUSIC
ஆர்,ACTION_FILL
தும்பி,BEE
பரந்து,ACTION_SPREAD
இசை,SOUND
ஊத,ACTION_BLOW
ஒருதிறம்,ONE_SIDE
மண்,EARTH
ஆர்,ACTION_FILL
முழவின்,DRUM
இசை,SOUND
எழ,ACTION_RISE
ஒருதிறம்,ONE_SIDE
அண்ணல்,LORD
நெடு,LONG
வரை,MOUNTAIN
அருவி,WATERFALL
நீர்,WATER
ததும்ப,ACTION_OVERFLOW
ஒருதிறம்,ONE_SIDE
பாடல்,SONG
நல்,GOOD
விறலியர்,DANCER
ஒல்குபு,ACTION_SWAY
நுடங்க,ACTION_SWAY
ஒருதிறம்,ONE_SIDE
வாடை,NORTHWIND
உளர்வயின்,ACTION_BLOW
பூங்,FLOWER
கொடி,CREEPER
நுடங்க,ACTION_SWAY
ஒருதிறம்,ONE_SIDE
பாடினி,FEMALE_SINGER
முரலும்,ACTION_SING
பாலை,PLAIN
அம்,DEMONSTRATIVE_THAT
குரலின்,VOICE
நீடு,LONG
கிளர்,ACTION_SHINE
கிழமை,RELATION
நிறை,FULLNESS
குறை,DEFECT
தோன்ற,ACTION_APPEAR
ஒருதிறம்,ONE_SIDE
ஆடு,ACTION_DANCE
சீர்,GLORY
மஞ்ஞை,PEACOCK
அரி,RARE
குரல்,VOICE
தோன்ற,ACTION_APPEAR
மாறுமாறு,CHANGE
உற்றன்,ACTION_AFFECTED
போல்,COMPARISON_LIKE
மாறு,ACTION_CHANGE
எதிர்,OPPOSITE
கோடல்,ACTION_MEET
மாறு,ACTION_CHANGE
அட்டான்,ACTION_DEFEATED
குன்றம்,MOUNTAIN
உடைத்து,ACTION_POSSESS
பரங்குன்றிற்கும்,MOUNTAIN_PARANGUNRAM
கூடாக்கும்,CITY_KUDAL
இடைப்பட்ட,MIDDLE
நிலம்,LAND
பாடல்,SONG
சான்று,ACTION_TESTIFY
பல்,MANY
புகழ்,FAME
முற்றிய,ACTION_COMPLETED
கூடலொடு,CITY_KUDAL
பரங்குன்றின்,MOUNTAIN_PARANGUNRAM
இடை,MIDDLE
கமழ்,FRAGRANCE
நறுஞ்சாந்தின்,SANDALWOOD
அவரவர்,POSSESSIVE_THEIR
திளைப்ப,ACTION_ENJOY
நணிநணித்து,ACTION_APPROACH
ஆயினும்,ALTHOUGH
சேஎய்ச்,DISTANCE
சேய்த்து,DISTANCE
மகிழ்,JOY
மிகு,GREAT
தேஎம்,PLACE
கோதையர்,GARLAND_WOMEN
கூந்தல்,HAIR
குஞ்சியின்,HAIR
சோர்ந்து,ACTION_DROP
அவிழ்,ACTION_BLOOM
இதழின்,PETAL_FROM
இயங்கும்,ACTION_MOVE
ஆறு,PATH
இன்று,NONE
வசை,BLAME
நீங்கிய,ACTION_LEFT
வாய்மையால்,TRUTH_BY
வேள்வியால்,SACRIFICE_BY
திசை,DIRECTION
நாறிய,ACTION_SPREAD
குன்று,MOUNTAIN
அமர்ந்து,ACTION_SIT
ஆண்டுஆண்டு,PLACE
ஆவி,INCENSE
உண்ணும்,ACTION_EAT
அகில்,SANDALWOOD_AGIL
கெழு,ACTION_ABOUND
கமழ்,FRAGRANCE
புகை,SMOKE
வாய்வாய்,MOUTH
மீ,FISH
போய்,ACTION_GO
உம்பர்,HEAVEN
இமைபு,ACTION_WINK
இறப்ப,ACTION_TRANSCEND
தேயா,UNWANING
மண்டிலம்,ORB
காணுமாறு,ACTION_SEE
இன்று,NONE
பரங்குன்றின்,MOUNTAIN_PARANGUNRAM
அலங்காரம்,ORNAMENT
வளை,BANGLE
முன்,FRONT
கை,HAND
வணங்கு,ACTION_BOW
இறையார்,WORSHIPPERS
அணை,ACTION_EMBRACE
மென்,SOFT
தோள்,SHOULDER
அசைபு,ACTION_SWAY
ஒத்தார்,SIMILAR_PEOPLE
தார்,GARLAND
மார்பின்,CHEST
தகை,DIGNITY
இயலார்,UNLIKE_PEOPLE
ஈர,TWO
மாலை,GARLAND
இயல்,NATURE
அணியார்,UNORNAMENTED
மனம்,MIND
மகிழ்,JOY
தூங்குநர்,SLEEPERS
பாய்பு,ACTION_JUMP
உடன்,WITH
ஆட,ACTION_DANCE
சுனை,POOL
மலர்த்,FLOWER
தாது,POLLEN
ஊதும்,ACTION_BLOW
வண்டு,BEE
ஊதல்,ACTION_BLOW
எய்தா,UNATTAINED
அனைய,LIKE
பரங்குன்றின்,MOUNTAIN_PARANGUNRAM
அணி,ORNAMENT
தெய்வ,DIVINE
விழவும்,FESTIVAL
விருந்தயர்வும்,FEAST
கீழோர்,LOW_PEOPLE
வயல்,FIELD
பரக்கும்,ACTION_SPREAD
வார்,LONG
வெள்,WHITE
அருவி,WATERFALL
பரந்து,ACTION_SPREAD
ஆனாது,UNCEASING
ஆரோ,ACTION_FILL
மேலோர்,HIGH_PEOPLE
இயங்குதலால்,ACTION_MOVE
வீழ்,ACTION_FALL
மணி,GEM
நீலம்,BLUE_LOTUS
செறு,ACTION_PRESS
உழக்கும்,ACTION_GRIND
அரோ,INTERJECTION
தெய்வ,DIVINE
விழவும்,FESTIVAL
திருந்து,ACTION_REFINE
விருந்து,GUEST
அயர்வும்,FEAST
அவ்,DEMONSTRATIVE_THAT
வெள்,WHITE
அருவி,WATERFALL
அணி,ORNAMENT
பரங்,GREAT
குன்றிற்கும்,MOUNTAIN
தொய்யா,UNCEASING
விழுச்,EXCELLENT
சீர்,GLORY
வளம்,WEALTH
கெழு,ACTION_ABOUND
வையைக்கும்,RIVER
கொய்,ACTION_PLUCK
உளை,MANE
மான்,DEER
தேர்க்,CHARIOT
கொடித்தேரான்,CHARIOTEER
கூடற்கும்,CITY_KUDAL
கை,HAND
ஊழ்,DESTINY
தடுமாற்றம்,CONFUSION
நன்று,GOOD
முருகனை,DIVINE_MURUGAN
எதிர்,OPPOSITE
முகமாக்கி,ACTION_FACE
வாழ்த்துதல்,ACTION_BLESS
என,QUOTE_SAYING
ஆங்கு,ADV_THUS
மணி,GEM
நிற,COLOR
மஞ்ஞை,PEACOCK
ஓங்கிய,ACTION_RAISED
புட்,BIRD
கொடி,FLAG
பிணிமுகம்,WEAPON_PINIMUKAM
ஊர்ந்த,ACTION_RODE
வெல்,ACTION_VICTORY
போர்,WAR
இறைவ,LORD
பணி,SERVICE
ஒரீஇ,ACTION_LEAVE
நின்,POSSESSIVE_YOUR
புகழ்,FAME
ஏத்தி,ACTION_PRAISE
அணி,ORNAMENT
நெடிங்,LONG
குன்றம்,MOUNTAIN
பாடுதும்,ACTION_SING
தொழுதும்,ACTION_WORSHIP
அவை,DEMONSTRATIVE_THOSE
யாமும்,PRONOUN_WE
எம்,POSSESSIVE_OUR
சுற்றமும்,FAMILY
பரவுதும்,ACTION_PRAISE
ஏம,SAFETY
வைகல்,DAY
பெறுக,ACTION_RECEIVE
யாம்,PRONOUN_WE
எனவே,QUOTE_SAYING
கடவுள்,DIVINE_GOD
வாழ்த்து,BLESSING
பாடியவர்,PEOPLE_POET
குன்றம்பூதனார்,PEOPLE_POET_KUNRAMPOOTHANAR
இசையமைத்தவர்,PEOPLE_MUSICIAN
நல்லச்சுதனார்,PEOPLE_POET_NALLACHUTHANAR
பண்,MUSIC_MELODY
காந்தாரம்,MUSIC_RAGA_KANTHARAM
இமயத்தொடு,MOUNTAIN_HIMALAYAS
நிகர்க்கும்,ACTION_RESEMBLE
குன்று,MOUNTAIN
போர்,WAR
எதிர்ந்து,ACTION_FACE
ஏற்றார்,ASCENDED
மதுகை,STRENGTH
மதம்,RUT
தப,ACTION_DESTROY
கார்,SEASON_RAINY
எதிர்ந்து,ACTION_FACE
ஏற்ற,ACTION_ASCEND
கமஞ்,DENSE
சூல்,PREGNANT
எழிலிபோல்,CLOUD_LIKE
நீர்,WATER
நிரந்து,ACTION_ARRANGE
ஏற்ற,ACTION_ASCEND
நிலம்,EARTH
தாங்கு,ACTION_SUPPORT
அழுவத்து,VALLEY
சூர்,DEMON_SOORAN
நிரந்து,ACTION_ARRANGE
சுற்றிய,ACTION_SURROUND
மா,GREAT
தபுத்த,ACTION_PURIFIED
வேலோய்,WEAPON_SPEAR
நின்,POSSESSIVE_YOUR
சீர்,GLORY
நிரந்து,ACTION_ARRANGE
ஏந்திய,ACTION_HELD
குன்றொடு,MOUNTAIN_WITH
நேர்,ACTION_MATCH
நிரந்து,ACTION_ARRANGE
ஏறுமாறு,ASCEND
ஏற்கும்,ACTION_ACCEPT
இக்,DEMONSTRATIVE_THIS
குன்று,MOUNTAIN
தலைமகன்,PEOPLE_HERO
ஊடல்,SULLENNESS
உணர்ப்பிக்கும்,ACTION_EXPRESS
திறம்,SKILL
ஒள்,BRIGHT
ஒளி,LIGHT
மணிப்,GEM
பொறி,SPOT
ஆல்,BANYAN
மஞ்ஞை,PEACOCK
நோக்கித்,ACTION_LOOK
தன்,POSSESSIVE_OWN
உள்ளத்து,HEART
நினைப்பானை,ACTION_THINK
கண்டனள்,ACTION_SAW
திரு,DIVINE
நுதலும்,FOREHEAD
உள்ளியது,ACTION_THOUGHT
உணர்ந்தேன்,ACTION_UNDERSTOOD
அது,DEMONSTRATIVE_THAT
உரை,WORD
இனி,NOW
நீ,PRONOUN_YOU
எம்மை,PRONOUN_US
எள்ளுதல்,ACTION_DESPISE
மறைத்தல்,ACTION_HIDE
ஓம்பு,ACTION_PROTECT
என்பாளை,PEOPLE_SAYING
பெயர்த்து,ACTION_TURN
அவன்,PRONOUN_HE
காதலாய்,LOVE
நின்,POSSESSIVE_YOUR
இயல்,NATURE
களவு,STEALTH
எண்ணிக்,ACTION_THINK
களி,JOY
மகிழ்,JOY
பேதுற்ற,ACTION_BEWILDERED
இதலை,INNOCENT
கண்டு,ACTION_SEE
யான்,PRONOUN_I
நோக்க,ACTION_LOOK
நீ,PRONOUN_YOU
எம்மை,PRONOUN_US
ஏதிலா,UNRELATED
நோக்குதி,ACTION_LOOK
என்று,QUOTE_SAYING
ஆங்கு,ADV_THUS
உணர்ப்பித்தல்,ACTION_EXPRESS
ஆய்,ACTION_EXAMINE
தேரான்,CHARIOTEER
குன்ற,MOUNTAIN
இயல்பு,NATURE
செவ்வேள்,DIVINE_MURUGAN
பாணனுக்கு,BARD
தலைமகனது,PEOPLE_HERO
பரத்தைமை,COURTESANSHIP
பற்றிக்,ABOUT
கூறும்,ACTION_SPEAK
தலைமகளின்,PEOPLE_HEROINE
கூற்று,SPEECH
ஐ,FIVE
வளம்,WEALTH
பூத்த,ACTION_BLOOMED
அணி,ORNAMENT
திகழ்,ACTION_SHINE
குன்றின்மேல்,MOUNTAIN_TOP
மை,DARK
வளம்,WEALTH
பூத்த,ACTION_BLOOMED
மலர்,FLOWER
ஏர்,BEAUTY
மழைக்,RAIN
கண்ணார்,EYE
கை,HAND
வளம்,WEALTH
பூத்த,ACTION_BLOOMED
வடு,SCAR
வொடு,WITH
காணாய்,ACTION_NOTSEE
நீ,PRONOUN_YOU
மொய்,ACTION_SWARM
வளம்,WEALTH
பூத்த,ACTION_BLOOMED
முயக்கம்,EMBRACE
யாம்,PRONOUN_WE
கைப்படுத்தேம்,ACTION_TOUCHED
மெய்,BODY
வளம்,WEALTH
பூத்த,ACTION_BLOOMED
விழை,DESIRE
தகு,ACTION_SUIT
பொன்,GOLD
அணி,ORNAMENT
நை,ACTION_WITHER
வளம்,WEALTH
பூத்த,ACTION_BLOOMED
நரம்பு,VEIN
இயை,ACTION_JOIN
சீர்ப்,GLORY
பொய்,LIE
வளம்,WEALTH
பூத்தன,ACTION_BLOOMED
பாணா,BARD
நின்,POSSESSIVE_YOUR
பாட்டு,SONG
பரங்குன்றத்திலுள்ள,MOUNTAIN_PARANGUNRAM
அம்பலம்,HALL
தண்,COOL
தளிர்,LEAF
தருப்,ACTION_GIVE
படுத்து,ACTION_LAY
எடுத்து,ACTION_RAISE
உரைஇ,ACTION_SPEAK
மங்குல்,CLOUD
மழை,RAIN
முழங்கிய,ACTION_THUNDERED
விறல்,VALOR
வரையால்,MOUNTAIN_BY
கண்,EYE
பொருபு,ACTION_STARE
சுடர்ந்து,ACTION_SHINE
அடர்ந்து,ACTION_DENSE
இடந்து,ACTION_SPLIT
இருள்,DARKNESS
போழும்,ACTION_SPLIT
கொடி,FLAG
மின்னால்,LIGHTNING
வெண்,WHITE
சுடர்,LIGHT
வேல்,WEAPON_SPEAR
வேள்,DIVINE_MURUGAN
விரை,SPEEDY
மயில்,PEACOCK
வேல்,WEAPON_SPEAR
ஞாயிறு,SUN
நின்,POSSESSIVE_YOUR
ஒண்,BRIGHT
சுடர்,LIGHT
ஓடை,STREAM
களிறு,ELEPHANT
ஏய்க்கும்,ACTION_RESEMBLE
நின்,POSSESSIVE_YOUR
குன்றத்து,MOUNTAIN
எழுது,ACTION_DRAW
எழில்,BEAUTY
அம்பலம்,HALL
காமவேள்,GOD_OF_LOVE
அம்பின்,ARROW
தொழில்,WORK
வீற்றிருந்த,ACTION_SEATED
நகர்,CITY
குன்றத்துக்,MOUNTAIN
காட்சிகள்,SIGHTS
ஆர்,ACTION_FILL
ததும்பும்,ACTION_OVERFLOW
அயில்,SPEAR
அம்பு,ARROW
நிறை,FULLNESS
நாழி,MEASURE
சூர்,DEMON_SOORAN
ததும்பும்,ACTION_OVERFLOW
வரை,MOUNTAIN
காவால்,GROVE
கார்,SEASON_RAINY
ததும்பு,ACTION_OVERFLOW
நீர்,WATER
ததும்புவன,ACTION_OVERFLOW
சுனை,POOL
ஏர்,BEAUTY
ததும்புவன,ACTION_OVERFLOW
பூ,FLOWER
அணி,ORNAMENT
செறிவு,DENSITY
போர்,WAR
தோற்றுக்,ACTION_APPEAR
கட்டுண்டார்,BOUND
கை,HAND
போல்வ,LIKE
கார்,SEASON_RAINY
தோற்றும்,ACTION_APPEAR
காந்தள்,FLOWER_KANTHAL
செறிந்த,ACTION_DENSE
கவின்,BEAUTY
கவின்,BEAUTY
முகை,BUD
கட்டு,ACTION_TIE
அவிழ்ப்ப,ACTION_OPEN
தும்பி,BEE
கட்டு,ACTION_TIE
யாழின்,INSTRUMENT_YAZH
புரி,ACTION_TWIST
நெகிழ்ப்பார்,PEOPLE_LOOSENING
போன்றன,LIKE
கை,HAND
அச்சிரக்கால்,SWIFT
ஆர்த்து,ACTION_RESOUND
அணி,ORNAMENT
மழை,RAIN
கோலின்றே,ACTION_WIELD
வச்சிரத்தான்,THUNDERBOLT
வானவில்லு,RAINBOW
குன்றத்தின்,MOUNTAIN
சிறப்பு,EXCELLENCE
வில்லுச்,BOW
சொரி,ACTION_POUR
பகழியின்,ARROW
மென்,SOFT
மலர்,FLOWER
தாயின,BIRTH
வல்லுப்,ABLE
போர்,WAR
வல்லாய்,ABLE
மலைமேல்,MOUNTAIN_TOP
மரம்,TREE
வட்டு,DISC
உருட்டு,ACTION_ROLL
வல்லாய்,ABLE
மலைய,MOUNTAIN
நெட்டுருட்டுச்,LONG_ROLL
சீர்,GLORY
ததும்பும்,ACTION_OVERFLOW
அரவமுடன்,SOUND_WITH
சிறந்து,ACTION_EXCELLED
போர்,WAR
ததும்பும்,ACTION_OVERFLOW
அரவம்,SOUND
போல்,LIKE
கருவி,INSTRUMENT
ஆர்ப்ப,ACTION_RESOUND
கருவி,INSTRUMENT
நின்றன,ACTION_STOOD
குன்றம்,MOUNTAIN
அருவி,WATERFALL
ஆர்ப்ப,ACTION_RESOUND
முத்து,PEARL
அணிந்தன,ACTION_ADORNED
வரை,MOUNTAIN
குருவி,SPARROW
ஆர்ப்ப,ACTION_RESOUND
குரல்,VOICE
குவிந்தன,ACTION_GATHERED
தினை,MILLET
எருவை,FLOWER_ERUVAI
கோப்ப,ACTION_GATHER
எழில்,BEAUTY
அணி,ORNAMENT
திருவில்,DIVINE
வானில்,SKY_IN
அணித்த,ACTION_ADORNED
வரி,LINE
ஊதும்,ACTION_BLOW
பல்,MANY
மலரால்,FLOWER_BY
கூனி,HUMP
வளைத்த,ACTION_BENT
சுனை,POOL
முருகவேளை,DIVINE_MURUGAN
வாழ்த்துதல்,ACTION_BLESS
புரி,ACTION_TWIST
உறு,ACTION_JOIN
நரம்பும்,VEIN
இயலும்,NATURE
புணர்ந்து,ACTION_UNITE
சுருதியும்,NOTE
பூவும்,FLOWER
சுடரும்,LIGHT
கூடி,ACTION_UNITE
எரி,FIRE
உருகு,ACTION_MELT
அகிலோடு,SANDALWOOD_WITH
ஆரமும்,NECKLACE
கமழும்,FRAGRANCE
செரு,WAR
வேற்,SPEAR
தானை,ARMY
செல்வ,WEALTH
நின்,POSSESSIVE_YOUR
அடி,FOOT
உறை,ACTION_RESIDE
உரிதினின்,RIGHT
உறை,ACTION_RESIDE
பதிச்,PLACE
சேர்ந்தாங்கு,ACTION_JOIN
பிரியாது,NOT_LEAVE
இருக்க,ACTION_STAY
எம்,POSSESSIVE_OUR
சுற்றமோடு,FAMILY_WITH
உடனே,TOGETHER
கடவுள்,DIVINE_GOD
வாழ்த்து,BLESSING
பாடியவர்,PEOPLE_POET
நப்பண்ணனார்,PEOPLE_POET_NAPPANNANAR
செவ்வேள்,DIVINE_MURUGAN
இசையமைத்தவர்,PEOPLE_MUSICIAN
மருத்துவன்,PEOPLE_PHYSICIAN
நல்லச்சுதனார்,PEOPLE_POET_NALLACHUTHANAR
பண்,MUSIC_MELODY
காந்தாரம்,MUSIC_RAGA_KANTHARAM
வள்ளியை,PEOPLE_VALLI
முருகன்,DIVINE_MURUGAN
வதுவை,MARRIAGE
கொண்டது,ACTION_MARRIED
நில,EARTH
வரை,MOUNTAIN
அழுவத்தான்,VALLEY
வான்,SKY
உறை,ACTION_RESIDE
புகல்,REFUGE
தந்து,ACTION_GIVE
புல,EARTH
வரை,MOUNTAIN
அறியாத,UNKNOWN
புகழ்,FAME
பூத்த,ACTION_BLOOMED
கடம்பு,TREE_KADAMBA
அமர்ந்து,ACTION_SIT
அரு,RARE
முனி,SAGE
மரபின்,TRADITION
ஆன்றவர்,LEARNED
நுகர்ச்சி,ENJOYMENT
மன்,FIRM
இரு,TWO
நிலத்தோரும்,EARTH_DWELLERS
இயைக,ACTION_ATTAIN
என,QUOTE_SAYING
ஈத்த,ACTION_GIVE
நின்,POSSESSIVE_YOUR
தண்,COOL
பரங்குன்றத்து,MOUNTAIN_PARANGUNRAM
இயல்,NATURE
அணி,ORNAMENT
நின்,POSSESSIVE_YOUR
மருங்கு,SIDE
சாறு,JUICE
கொள்,ACTION_TAKE
துறக்கத்தவளொடு,HEAVENLY_MAIDEN_WITH
மாறு,ACTION_CHANGE
கொள்வது,ACTION_ACCEPT
போலும்,COMPARISON_LIKE
மயிற்கொடி,PEACOCK_FLAG
வதுவை,MARRIAGE
கூடலார்,KUDAL_PEOPLE
பரங்குன்றை,MOUNTAIN_PARANGUNRAM
நோக்கி,ACTION_LOOK
விடியலில்,DAWN
யாத்திரை,PILGRIMAGE
செய்கின்ற,ACTION_PERFORM
வழி,PATH
புலத்தினும்,EARTH_ON
போரினும்,WAR_IN
போர்,WAR
தோலாக்,UNVANQUISHED
கூடல்,CITY_KUDAL
கலப்போடு,MIXTURE_WITH
இயைந்த,ACTION_UNITED
இரவுத்,NIGHT
தீர்,ACTION_REMOVE
எல்லை,BOUNDARY
அறம்,DHARMA
பெரிது,GREAT
ஆற்றி,ACTION_PERFORM
அதன்,POSSESSIVE_ITS
பயன்,FRUIT
கொண்மார்,ACTION_RECEIVE
சிறந்தோர்,EXALTED
உலகம்,WORLD
படருநர்,TRAVELERS
போல,LIKE
உரி,ACTION_DESERVE
மாண்,EXCELLENT
புனை,ACTION_ADORN
கலம்,VESSEL
ஒண்,BRIGHT
துகில்,CLOTH
தாங்கி,ACTION_HOLD
புரி,ACTION_TWIST
மாண்,EXCELLENT
புரவியர்,HORSEMEN
போக்கு,JOURNEY
அமை,ACTION_ARRANGE
தேரர்,CHARIOTEERS
தெரி,ACTION_DISCERN
மலர்த்,FLOWER
தாரர்,GARLAND_MEN
தெரு,STREET
இருள்,DARKNESS
சீப்ப,ACTION_COMB
நின்,POSSESSIVE_YOUR
குன்றொடு,MOUNTAIN_WITH
கூடல்,CITY_KUDAL
இடையெல்லாம்,MIDDLE_ALL
ஒன்றுபு,ACTION_UNITE
நேர்,ACTION_MATCH
பூ,FLOWER
நிறை,FULLNESS
பெய்து,ACTION_POUR
இரு,TWO
நிலம்,EARTH
பூட்டிய,ACTION_HARNESSED
தார்,GARLAND
போலும்,COMPARISON_LIKE
மாலைத்,EVENING
தலை,HEAD
நிறையால்,FULLNESS_BY
தண்,COOL
மணல்,SAND
ஆர்,ACTION_FILL
வேலை,OCEAN
யாத்திரை,PILGRIMAGE
செல்,ACTION_GO
யாறு,RIVER
பாண்டியன்,KING_PANDYAN
தன்,POSSESSIVE_OWN
பரிவாரங்களுடன்,RETAINERS_WITH
பரங்குன்றை,MOUNTAIN_PARANGUNRAM
வலம்,ACTION_CIRCUMAMBULATE
வரும்,ACTION_COME
காட்சி,SIGHT
சுடர்,LIGHT
ஒடு,WITH
சூழ்வரு,ACTION_SURROUND
தாரகை,STAR
மேருப்,MOUNTAIN_MERU
புடை,SIDE
வரு,ACTION_COME
சூழல்,SURROUNDINGS
புலம்,EARTH
மாண்,EXCELLENT
வழுதி,KING_PANDYAN
மட,TAME
மயில்,PEACOCK
ஓரும்,ACTION_LOOK
மனையவரோடு,FAMILY_WITH
கடன்,DUTY
அறி,ACTION_KNOW
காரியக்,DUTY
கண்ணவரோடு,RELATIVES_WITH
நின்,POSSESSIVE_YOUR
சூர்,DEMON_SOORAN
உறை,ACTION_RESIDE
குன்றின்,MOUNTAIN
தட,BROAD
வரை,MOUNTAIN
ஏறி,ACTION_ASCEND
மேல்,TOP
பாடு,ACTION_SING
வலம்,ACTION_CIRCUMAMBULATE
திரி,ACTION_WANDER
பண்பின்,NATURE
பழ,OLD
மதிச்,WISDOM
சூடி,ACTION_WEAR
அசையும்,ACTION_MOVE
சுவல்மிசை,SHOULDER_ON
தானையின்,ARMY
பாடிய,ACTION_SANG
நாவின்,TONGUE
பரந்த,ACTION_SPREAD
உவகையின்,JOY
நாடும்,COUNTRY
நகரும்,CITY
அடைய,ACTION_ATTAIN
அடைந்தனைத்தே,ACTION_ATTAINED
படு,ACTION_FALL
மணி,GEM
யானை,ELEPHANT
நெடியாய்,TALL
நீ,PRONOUN_YOU
மேய,ACTION_GRAZE
கடி,ACTION_PROTECT
நகர்,CITY
சூழ்,ACTION_SURROUND
நுவலுங்கால்,ACTION_SPEAK
குன்றின்,MOUNTAIN
கீழுள்ள,BELOW
இடை,MIDDLE
நிலம்,LAND
பாசறையை,CAMP
ஒத்த,ACTION_RESEMBLE
விளங்கியமை,ACTION_SHONE
தும்பி,BEE
தொடர்,ACTION_CONNECT
கதுப்ப,HAIR_LOCKS
தும்பி,BEE
தொடர்,ACTION_CONNECT
ஆட்டி,ACTION_WAVE
வம்பு,NEW
அணி,ORNAMENT
பூங்,FLOWER
கயிறு,ROPE
வாங்கி,ACTION_PULL
மரன்,TREE
அசைப்பார்,PEOPLE_SWAYING
வண்,GENEROUS
தார்ப்,GARLAND
புரவி,HORSE
வழி,PATH
நீங்க,ACTION_LEAVE
வாங்குவார்,PEOPLE_PULLING
திண்,STRONG
தேர்,CHARIOT
வழியின்,PATH
செல,ACTION_GO
நிறுப்பார்,PEOPLE_STOPPING
கண்டக்,ACTION_SEE
கரும்பு,SUGARCANE
கவழம்,TRUNK
மடுப்பார்,PEOPLE_FEEDING
நிரந்து,ACTION_ARRANGE
பரி,HORSE
நிமிர்,ACTION_RAISE
தானையான்,ARMY
பாசறை,CAMP
நீர்த்தே,WATER
குருகு,HERON
எறி,ACTION_THROW
வேலோய்,WEAPON_SPEAR
நின்,POSSESSIVE_YOUR
குன்றக்,MOUNTAIN
கீழ்,BELOW
நின்ற,ACTION_STOOD
இடை,MIDDLE
நிலம்,LAND
யாம்,PRONOUN_WE
ஏத்தும்,ACTION_PRAISE
ஆறு,PATH
மலை,MOUNTAIN
சிறப்பு,EXCELLENCE
வழுதியுடன்,KING_PANDYAN
ஏறியோர்,PEOPLE_ASCENDED
கண்டவை,ACTION_SAW
குரங்கு,MONKEY
அருந்து,ACTION_DRINK
பண்ணியம்,INSTRUMENT
கொடுப்போரும்,PEOPLE_GIVING
கரும்பு,SUGARCANE
கருமுகக்,DARK_FACE
கணக்கு,ACCOUNT
அளிப்போரும்,PEOPLE_GIVING
தெய்வப்,DIVINE
பிரமம்,RITUAL
செய்குவோரும்,PEOPLE_PERFORMING
கை,HAND
வைத்து,ACTION_PLACE
இமிர்பு,ACTION_BUZZ
குழல்,FLUTE
காண்குவோரும்,PEOPLE_SEEING
யாழின்,INSTRUMENT_YAZH
இளி,SWEET
குரல்,VOICE
சமம்,EQUAL
கொள்வோரும்,PEOPLE_TAKING
வேள்லியின்,SPEAR
அழகு,BEAUTY
இயல்,NATURE
விளம்புவோரும்,PEOPLE_SPEAKING
கூர,ACTION_SHARPEN
நாண்,BOWSTRING
குரல்,VOICE
கொம்மென,ACTION_SOUND
ஒலிப்ப,ACTION_RESOUND
ஊழ்,DESTINY
உற,ACTION_AFFECT
முரசின்,DRUM
ஒலி,SOUND
செய்வோரும்,PEOPLE_DOING
என்றூழ்,DESTINY
உற,ACTION_AFFECT
வரும்,ACTION_COME
இரு,TWO
சுடர்,LIGHT
நேமி,WEAPON_DISCUS
ஒன்றிய,ACTION_UNITED
சுடர்நிலை,LIGHT_POSITION
உள்படுவோரும்,PEOPLE_ENTERING
இரதி,GODDESS_RATI
காமன்,GOD_KAMAN
இவள்,PRONOUN_SHE
இவன்,PRONOUN_HE
எனாஅ,QUOTE_SAYING
விரகியர்,EXPERTS
வினவ,ACTION_ASK
வினா,QUESTION
இறுப்போரும்,PEOPLE_ASKING
இந்திரன்,GOD_INDRA
பூசை,WORSHIP
இவள்,PRONOUN_SHE
அகலிகை,PEOPLE_AHALYA
இவன்,PRONOUN_HE
சென்ற,ACTION_WENT
கவுதமன்,SAGE_GAUTAMA
சினன்,ANGER
உற,ACTION_AFFECT
கல்,STONE
உரு,FORM
ஒன்றிய,ACTION_UNITED
படி,ACTION_APPLY
இது,DEMONSTRATIVE_THIS
என்று,QUOTE_SAYING
உரை,WORD
செய்வோரும்,PEOPLE_DOING
இன்ன,SUCH
பலபல,MANY
எழுத்து,LETTER
நிலை,STATE
மண்டபம்,HALL
துன்னுநர்,PEOPLE_APPROACHING
சுட்டவும்,ACTION_POINT
சுட்டு,ACTION_POINT
அறிவுறுத்தவும்,ACTION_INFORM
நேர்,ACTION_MATCH
வரை,MOUNTAIN
விரி,ACTION_SPREAD
அறை,CAVE
வியல்,SPACIOUS
இடத்து,PLACE
இழைக்கச்,ACTION_CREATE
சோபன,AUSPICIOUS
நிலையது,STATE
துணி,FIRM
பரங்குன்றத்து,MOUNTAIN_PARANGUNRAM
மாஅல்,ACTION_NOTFADE
முருகன்,DIVINE_MURUGAN
மாட,PALACE
மருங்கு,SIDE
குன்றில்,MOUNTAIN
சுற்றத்தாரை,FAMILY
விட்டுப்,ACTION_LEAVE
பிரிந்த,ACTION_SEPARATED
சிறுமி,GIRL
பிறந்த,ACTION_BORN
தமரின்,KINSMAN
பெயர்ந்து,ACTION_MOVE
ஒரு,ONE
பேதை,INNOCENT
பிறங்கல்,ACTION_SHINE
இடைஇடை,MIDDLE
புக்குப்,ACTION_ENTER
பிறழ்ந்து,ACTION_STRAY
யான்,PRONOUN_I
வந்த,ACTION_CAME
நெறியும்,PATH
மறந்தேன்,ACTION_FORGOT
சிறந்தவர்,EXALTED
ஏஎ,INTERJECTION
ஓஒ,INTERJECTION
என,QUOTE_SAYING
விளி,CALL
ஏற்பிக்க,ACTION_MAKE
ஏஎ,INTERJECTION
ஓஒ,INTERJECTION
என்று,QUOTE_SAYING
ஏலா,ACTION_UNABLE
அவ்,DEMONSTRATIVE_THAT
விளி,CALL
அவ்,DEMONSTRATIVE_THAT
இசை,SOUND
முழை,CAVE
ஏற்று,ACTION_ASCEND
அழைப்ப,ACTION_CALL
அழைத்துழிச்,ACTION_CALLED
செல்குவள்,ACTION_GO
ஆங்குத்,ADV_THERE
தமர்க்,KINSMAN
காணாமை,ACTION_NOTSEE
மீட்சியும்,RETURN
கூஉக்,ACTION_SAY
கூஉ,ACTION_SAY
மேவும்,ACTION_ATTAIN
மடமைத்தே,FOOLISH
வாழ்த்து,BLESSING
உவப்பான்,ACTION_DELIGHT
குன்றின்,MOUNTAIN
வகை,TYPE
இள,YOUNG
மகளிரின்,GIRLS
மருட்சி,BEWILDERMENT
நனி,ADV_VERY
நுனி,TIP
நயவரு,PLEASING
சாய்ப்பின்,LEAN
நாறு,FRAGRANCE
இணர்ச்,CLUSTER
சினை,BRANCH
போழ்,ACTION_SPLIT
பல்லவன்,YOUNG_MAN
தீம்,SWEET
சுனை,POOL
உதிர்ப்ப,ACTION_SHED
உதிர்த்த,ACTION_SHED
சுனையின்,POOL
எடுத்த,ACTION_RAISE
தலைய,HEAD
அலர்,ACTION_BLOOM
முகிழ்,BUD
உற,ACTION_AFFECT
அவை,DEMONSTRATIVE_THOSE
கிடப்ப,ACTION_LIE
தெரி,ACTION_DISCERN
மலர்,FLOWER
நனை,ACTION_MOISTEN
உறுவ,ACTION_AFFECT
ஐந்,FIVE
தலை,HEAD
அவிர்,ACTION_SHINE
பொறி,SPOT
அரவம்,SOUND
மூத்த,ELDER
மைந்தன்,YOUTH
அருகு,NEAR
ஒன்று,ONE
மற்று,AND
இளம்,YOUNG
பார்ப்பு,CHICK
என,QUOTE_SAYING
ஆங்கு,ADV_THUS
இள,YOUNG
மகளிர்,GIRLS
மருள,ACTION_BEWILDER
பாங்கர்,COMPANIONS
குன்றம்,MOUNTAIN
விடியல்,DAWN
வானம்,SKY
போலப்,LIKE
பொலிதல்,ACTION_SHINE
பசும்பிடி,COW_ELEPHANT
இள,YOUNG
முகிழ்,BUD
நெகிழ்ந்த,ACTION_LOOSENED
வாய்,MOUTH
ஆம்பல்,WHITE_LOTUS
கை,HAND
போல்,LIKE
பூத்த,ACTION_BLOOMED
கமழ்,FRAGRANCE
குலை,BUNCH
க்காந்தள்,FLOWER_KANTHAL
எருவை,FLOWER_ERUVAI
நறுந்,FRAGRANT
தோடு,EARFLAP
எரி,FIRE
இணர்,CLUSTER
வேங்கை,FLOWER_VENGAI
உருவம்,FORM
மிகு,GREAT
தோன்றி,FLOWER_THOONRI
ஊழ்,DESTINY
இணர்,CLUSTER
நறவம்,FLOWER_NARAVAM
பருவம்,SEASON
இல்,ACTION_NONE
கோங்கம்,FLOWER_KONGAM
பகை,ENEMY
மலர்,FLOWER
இலவம்,FLOWER_ILAVAM
நிணந்தவை,FAT
கோத்தவை,ACTION_STRING
நெய்தவை,ACTION_ANOINT
தூக்க,ACTION_WEIGH
மணந்தவை,ACTION_UNITED
போல,LIKE
வரை,MOUNTAIN
மலை,MOUNTAIN
எல்லாம்,ALL
நிறைந்தும்,ACTION_FILLED
உறழ்ந்தும்,ACTION_COMPARED
நிமிர்ந்தும்,ACTION_RAISED
தொடர்ந்தும்,ACTION_CONTINUED
விடியல்,DAWN
வியல்,SPACIOUS
வானம்,SKY
போலப்,LIKE
பொலியும்,ACTION_SHINE
நெடியாய்,TALL
நின்,POSSESSIVE_YOUR
குன்றின்மிசை,MOUNTAIN_TOP
கன்னிமை,VIRGINITY
கனிந்தாரும்,RIPENED
மணமான,MARRIED
மகளிரும்,WOMEN
தாம்,PRONOUN_THEY
செய்யும்,ACTION_DO
பூசையில்,WORSHIP_IN
யானையின்,ELEPHANT
மிச்சிலை,LEFTOVER
உண்ணுதல்,ACTION_EAT
நின,ACTION_SLEEP
யானைச்,ELEPHANT
சென்னி,HEAD
நிறம்,COLOR
குங்குமத்,SINDUR
தால்,POWDER
புனையா,ACTION_UNORNAMENTED
பூ,FLOWER
நீர்,WATER
ஊட்டி,ACTION_FEED
புனை,ACTION_ADORN
கவரி,CHOWRIE
சார்த்தா,ACTION_PLACE
பொற்,GOLD
பவழப்,CORAL
பூங்,FLOWER
காம்பின்,STEM
பொற்குடை,GOLDEN_UMBRELLA
ஏற்றி,ACTION_RAISE
மலிவுடை,POSSESSOR
உள்ளத்தான்,HEART
வந்து,ACTION_COME
செய்,ACTION_DO
வேள்வியுள்,SACRIFICE_IN
பல்,MANY
மணம்,FRAGRANCE
மன்னு,ACTION_ABIDE
பின்,BACK
இருங்,DARK
கூந்தலர்,DARK_HAIRED
கன்னிமை,VIRGINITY
கனிந்த,RIPENED
காலத்தார்,TIME_PEOPLE
நின்,POSSESSIVE_YOUR
கொடி,FLAG
ஏற்று,ACTION_RAISE
வாரணம்,ELEPHANT
கொள்,ACTION_TAKE
கவழ,TRUNK
மிச்சில்,LEFTOVER
மறு,STAIN
அற்ற,WITHOUT
மைந்தர்,YOUTH
தோள்,SHOULDER
எய்தார்,ACTION_ATTAIN
மணந்தார்,MARRIED
முறுவல்,SMILE
தலை,HEAD
ளி,GRACE
எய்தார்,ACTION_ATTAIN
நின்,POSSESSIVE_YOUR
குன்றம்,MOUNTAIN
குறுகி,ACTION_APPROACH
சிறப்பு,EXCELLENCE
உணாக்கால்,ACTION_EAT
முருகப்,DIVINE_MURUGAN
பெருமானை,DIVINE_LORD
வாழ்த்துதல்,ACTION_BLESS
குற,HILLTRIBE
ப்பிணாக்,GIRL
கொடியை,FLAG
கூடியோய்,ACTION_UNITED
வாழ்த்துச்,BLESSING
சிறப்பு,EXCELLENCE
உணாக்,ACTION_EAT
கேட்டி,ACTION_LISTEN
செவி,EAR
உடையும்,ACTION_POSSESS
ஒலியலும்,ACTION_SOUND
செய்யை,ACTION_DO
மற்று,AND
ஆங்கே,ADV_THERE
படையும்,WEAPON
பவழக்,CORAL
கொடி,FLAG
நிறம்,COLOR
கொள்ளும்,ACTION_TAKE
உருவும்,FORM
உருவத்,FORM
தீ,FIRE
ஒத்தி,ACTION_RESEMBLE
முகனும்,FACE
விரி,ACTION_SPREAD
கதிர்,RAY
முற்றா,UNRIPENED
விரி,ACTION_SPREAD
சுடர்,LIGHT
ஒத்தி,ACTION_RESEMBLE
எவ்வத்து,SORROW
ஒவ்வா,UNSUITABLE
மா,GREAT
முதல்,ORIGIN
தடிந்து,ACTION_CUT
தெவ்வு,ENEMY
க்குன்றத்துத்,MOUNTAIN
திருந்து,ACTION_REFINE
வேல்,WEAPON_SPEAR
அழுத்தி,ACTION_PRESS
அவ்,DEMONSTRATIVE_THAT
வரை,MOUNTAIN
உடைத்தோய்,ACTION_SPLIT
நீ,PRONOUN_YOU
இவ்,DEMONSTRATIVE_THIS
வரை,MOUNTAIN
மருங்கில்,SIDE
கடம்பு,TREE_KADAMBA
அமர்,ACTION_FIGHT
அணி,ORNAMENT
நிலை,STATE
பகர்ந்தேம்,ACTION_SPOKE
உடங்கு,ACTION_UNITE
அமர்,ACTION_FIGHT
ஆயமொடு,COMPANIONS_WITH
ஏத்தினம்,ACTION_PRAISED
தொழுதே,ACTION_WORSHIP
வையை,RIVER
பருவ,SEASON
வலின்கண்,STRENGTH_IN
தலைமகளது,PEOPLE_HEROINE
ஆற்றாமை,SORROW
கண்டு,ACTION_SEE
தூது,MESSAGE
விடச்,SEND
சென்ற,ACTION_WENT
பாணன்,BARD
தலைமகற்கு,PEOPLE_HERO
கார்ப்,SEASON_RAINY
பருவமும்,SEASON
வையை,RIVER
நீர்,WATER
விழவணியும்,FESTIVAL_ORNAMENT
கூறியது,ACTION_SPOKE
பாடியவர்,PEOPLE_POET
நல்லந்துவனார்,PEOPLE_POET_NALLANDHUVANAR
இசையமைத்தவர்,PEOPLE_MUSICIAN
நல்லச்சுதனார்,PEOPLE_POET_NALLACHUTHANAR
பண்,MUSIC_MELODY
காந்தாரம்,MUSIC_RAGA_KANTHARAM
புதுப்,NEW
புனலையும்,WATER_FLOOD
பல,MANY
வகை,TYPE
மணங்களையும்,FRAGRANCE
உடன்கொண்டு,ACTION_BRING
வையை,RIVER
வருதல்,ACTION_COME
கடல்,OCEAN
குறைபடுத்த,ACTION_DIMINISH
நீர்,WATER
கல்,STONE
குறைபட,ACTION_DIMINISH
எறிந்து,ACTION_THROW
உடல்,BODY
ஏறு,ACTION_ASCEND
உருமினம்,THUNDER
ஆர்ப்ப,ACTION_RESOUND
மலை,MOUNTAIN
மாலை,EVENING
முற்றுபு,ACTION_COMPLETE
முற்றுபு,ACTION_COMPLETE
பெய்து,ACTION_POUR
சூல்,PREGNANT
முதிர்,RIPE
முகில்,CLOUD
பொருது,ACTION_FIGHT
இகல்,ACTION_FIGHT
புலி,TIGER
போழ்ந்த,ACTION_SPLIT
பூ,FLOWER
நுதல்,FOREHEAD
எழில்,BEAUTY
யானைக்,ELEPHANT
குருதி,BLOOD
க்கோட்டு,HORN
அழி,ACTION_DESTROY
கறை,STAIN
தெளி,ACTION_CLARIFY
பெற,ACTION_OBTAIN
க்கழீஇயின்று,ACTION_MIX
காலை,MORNING
கடல்,OCEAN
படிந்து,ACTION_ENTER
காய்,ACTION_BURN
கதிரோன்,SUN
போய,ACTION_GONE
வழி,PATH
மாலை,EVENING
மலை,MOUNTAIN
மணந்து,ACTION_UNITE
மண்,EARTH
துயின்ற,ACTION_SLEPT
கங்குலான்,NIGHT
வான்,SKY
ஆற்றும்,ACTION_FLOW
மழை,RAIN
தலைஇ,ACTION_BEGIN
மரன்,TREE
ஆற்றும்,ACTION_FLOW
மலர்,FLOWER
நாற்றம்,FRAGRANCE
தேன்,HONEY
ஆற்றும்,ACTION_FLOW
மலர்,FLOWER
நாற்றம்,FRAGRANCE
செறு,ACTION_PRESS
வெயில்,SUNHEAT
உறு,ACTION_AFFECT
கால,TIME
கான்,FOREST
ஆற்றும்,ACTION_FLOW
கார்,SEASON_RAINY
நாற்றம்,FRAGRANCE
கொம்பு,BRANCH
உதிர்த்த,ACTION_SHED
கனி,FRUIT
நாற்றம்,FRAGRANCE
தான்,PRONOUN_SELF
நாற்றம்,FRAGRANCE
கலந்து,ACTION_MIX
உடன்,WITH
தழீஇ,ACTION_EMBRACE
வந்து,ACTION_COME
தரூஉம்,ACTION_BRING
வையை,RIVER
புதுப்,NEW
புனலாட,WATER_BATH
வைகறையில்,DAWN
மைந்தரும்,YOUTH
மகளிரும்,WOMEN
சென்ற,ACTION_WENT
வசை,PATH
தன்,POSSESSIVE_OWN
நாற்றம்,FRAGRANCE
மீது,TOP
தடம்,PATH
பொழில்,GROVE
தான்,PRONOUN_SELF
யாற்று,RIVER
வெந்,HOT
நாற்று,FRAGRANCE
வேசனை,PERFUME
நாற்றம்,FRAGRANCE
குதுகுதுப்ப,ACTION_FRISK
ஊர்ஊர்,TOWN
பறை,DRUM
ஒலி,SOUND
கொண்டன்று,ACTION_HELD
உயர்,HIGH
மதிலில்,WALL
நீர்,WATER
ஊர்,TOWN
அரவத்தால்,SOUND_BY
துயில்,SLEEP
உணர்பு,ACTION_AWAKEN
எழீஇ,ACTION_RAISE
திண்,STRONG
தேர்ப்,CHARIOT
புரவி,HORSE
வங்கம்,SHIP
பூட்டவும்,ACTION_HARNESS
வங்கப்,SHIP
பாண்டியில்,SHIP
திண்,STRONG
தேர்,CHARIOT
ஊரவும்,ACTION_TRAVEL
வயமாப்,STRONG
பண்ணுந,ACTION_MAKE
மதமாப்,RUT
பண்ணவும்,ACTION_MAKE
கயமாப்,ELEPHANT
பேணிக்,ACTION_CHERISH
கலவாது,ACTION_NOTMIX
ஊரவும்,ACTION_TRAVEL
மகளிர்,WOMEN
கோதை,GARLAND
மைந்தர்,YOUTH
புனையவும்,ACTION_ADORN
மைந்தர்,YOUTH
தண்,COOL
தார்,GARLAND
மகளிர்,WOMEN
பெய்யவும்,ACTION_POUR
முந்துறல்,ACTION_PRECEDE
விருப்பொடு,DESIRE_WITH
முறை,ORDER
மறந்து,ACTION_FORGET
அணிந்தவர்,ADORNED
ஆடுவார்,DANCERS
பொய்தல்,ACTION_LIE
அணி,ORNAMENT
வண்டு,BEE
இமிர்,ACTION_BUZZ
மணல்,SAND
கோடு,PEAK
ஏறு,ACTION_ASCEND
எருத்தத்து,SHOULDER
இருங்,DARK
புனலில்,WATER_FLOOD
குறுகி,ACTION_APPROACH
மாட,PALACE
மறுகின்,STREET
மருவி,ACTION_JOIN
மறுகுற,ACTION_WANDER
கூடல்,CITY_KUDAL
விழையும்,ACTION_DESIRE
தகைத்து,ACTION_BECOME
தகை,BEAUTY
வையை,RIVER
தலைமகனது,PEOPLE_HERO
காதற்,LOVE
பரத்தையை,COURTESAN
தோழியர்,FRIENDS
கண்ட,ACTION_SAW
காலத்து,TIME
நேர்ந்த,ACTION_HAPPENED
நிகழ்ச்சி,EVENT
புகை,SMOKE
வகை,TYPE
தைஇயினார்,ADORNED
பூங்,FLOWER
கோதை,GARLAND
நல்லார்,GOOD_PEOPLE
தகை,DIGNITY
வகை,TYPE
தைஇயினார்,ADORNED
தார்,GARLAND
வகைவகை,VARIOUS
தைஇயினார்,ADORNED
மாலை,GARLAND
மிகமிகச்,VERY_MUCH
சூட்டும்,ACTION_WEAR
கன்ணியும்,HEADFLOWER
மோட்டு,ACTION_REMOVE
வலையமும்,NET
இயல்,NATURE
அணி,ORNAMENT
அணி,ORNAMENT
நிற்ப,ACTION_STAND
ஏறி,ACTION_ASCEND
அமர்,ACTION_FIGHT
பரப்பின்,SURFACE
அயல்,NEIGHBOR
அயல்,NEIGHBOR
அணி,ORNAMENT
நோக்கி,ACTION_LOOK
ஆங்கு,ADV_THERE
ஆங்கு,ADV_THERE
வருபவர்,PEOPLE_COMING
இடு,ACTION_GIVE
வளை,BANGLE
ஆரமோடு,NECKLACE_WITH
ஈத்தான்,ACTION_GAVE
உடனாக,WITH
கெடு,ACTION_SPOIL
வளை,BANGLE
பூண்டவள்,ACTION_WORE
மேனியில்,BODY
கண்டு,ACTION_SEE
நொந்து,ACTION_SORROW
அவள்,PRONOUN_SHE
மாற்றாள்,RIVAL
இவள்,PRONOUN_SHE
என,QUOTE_SAYING
நோக்க,ACTION_LOOK
தலைமகனது,PEOPLE_HERO
முகமாற்றமும்,EXPRESSION
கூட்டத்துள்,GATHERING_IN
பரத்தை,COURTESAN
மறைதாம்,HIDDEN
தந்த,ACTION_GAVE
கள்வன்,THIEF
சமழ்ப்பு,SMIRK
முகம்,FACE
காண்மின்,ACTION_SEE
செருச்,WAR
செய்த,ACTION_DID
வாளி,ARROW
சீற்றத்தவை,ANGER
அன்ன,LIKE
நேர்,ACTION_MATCH
இதழ்,LIP
உண்கணார்,EYE
நிரை,ROW
காடாக,FOREST_AS
ஓடி,ACTION_RUN
ஒளித்து,ACTION_HIDE
ஒய்யப்,ACTION_SWIM
போவாள்,ACTION_GO
நிலை,STATE
காண்மின்,ACTION_SEE
தன்னை,PRONOUN_SELF
தொடர்ந்த,ACTION_FOLLOWED
ஆயத்தாரோடு,COMPANIONS_WITH
பரத்தை,COURTESAN
உரைத்தல்,ACTION_SPEAK
என,QUOTE_SAYING
ஆங்கு,ADV_THUS
ஒய்யப்,ACTION_SWIM
போவாளை,ACTION_GO
உறழ்த்தோள்,ACTION_COMPETE
இவ்,DEMONSTRATIVE_THIS
வாணுதல்,FACE_LIKE
வையை,RIVER
மடுத்தால்,ACTION_DIVERT
கடல்,OCEAN
என,QUOTE_SAYING
தெய்ய,ACTION_CLEAR
நெறி,PATH
மணல்,SAND
நேடினர்,PEOPLE_SEEKED
செல்ல,ACTION_GO
சொல்,WORD
ஏற்று,ACTION_ACCEPT
செறி,ACTION_DENSE
நிரைப்,ROW
பெண்,WOMAN
வல்,STRENGTH
உறழ்பு,ACTION_COMPETE
யாது,WHAT
தொடர்பு,RELATION
என்ன,QUESTION_WHAT
மறலினாள்,ACTION_SWOONED
மாற்றாள்,RIVAL
மகள்,DAUGHTER
தலைமகளின்,PEOPLE_HEROINE
திகைப்பு,BEWILDERMENT
வாய்,MOUTH
வாளா,SILENT
நின்றாள்,ACTION_STOOD
செறிநகை,CONCEALED_LAUGH
சித்தம்,MIND
திகைத்து,ACTION_BEWILDERED
ஆயத்தார்,COMPANIONS
பரத்தையை,COURTESAN
நோக்கி,ACTION_LOOK
வைது,ACTION_ABUSE
உரைத்தல்,ACTION_SPEAK
ஆயத்து,COMPANION
ஒருத்தி,WOMAN
அவளை,PRONOUN_HER
அமர்,ACTION_FIGHT
காமம்,DESIRE
மாய,ACTION_DECEIVE
பொய்,LIE
கூட்டி,ACTION_UNITE
மயக்கும்,ACTION_BEWILDER
விலைக்,PRICE
கணிகை,COURTESAN
பெண்மை,FEMININE
பொதுமை,COMMON
பிணையிலி,UNMATCHED
ஐம்,FIVE
புலத்தைத்,SENSE
துற்றவ,ACTION_BLAME
துற்றும்,ACTION_BLAME
துணை,COMPANION
இதழ்,LIP
வாய்த்,MOUTH
தொட்டி,VESSEL
முற்றா,UNRIPENED
நறு,FRAGRANT
நறா,FLOWER_NARRA
மொய்,ACTION_SWARM
புனல்,WATER_FLOOD
அட்டி,ACTION_TORMENT
காரிகை,BEAUTY
நீர்,WATER
ஏர்,BEAUTY
வயல்,FIELD
காமக்,DESIRE
களி,JOY
நாஞ்சில்,WEAPON_PLOUGH
மூரி,BRAID
தவிர,ACTION_AVOID
முடுக்கு,ACTION_PROVOKE
முது,OLD
சாடி,VESSEL
மட,TAME
மதர்,BEAUTY
உண்கண்,EYE
கயிறாக,ROPE_AS
வைத்துத்,ACTION_PLACE
தட,BROAD
மென்,SOFT
தோள்,SHOULDER
தொட்டு,ACTION_TOUCH
தகைத்து,ACTION_SCOLD
மட,TAME
விரலால்,FINGER_BY
இட்டார்க்கு,ACTION_GAVE
யாழ்,INSTRUMENT_YAZH
ஆர்த்தும்,ACTION_RESOUND
பாணியில்,MEASURE_IN
எம்,POSSESSIVE_OUR
இழையைத்,JEWELRY
தொட்டு,ACTION_TOUCH
ஆர்த்தும்,ACTION_RESOUND
இன்பத்,JOY
துறைப்,PLACE
பொதுவி,ACTION_SHARE
கெட்டதைப்,ACTION_SPOILED
பொய்தல்,ACTION_LIE
மகளிர்,WOMEN
கண்,EYE
காண,ACTION_SEE
இகுத்தந்து,ACTION_THRUST
இவ்,DEMONSTRATIVE_THIS
வையைத்,RIVER
தொழுவத்துத்,PLACE
தந்து,ACTION_GIVE
வடித்து,ACTION_POUR
இடித்து,ACTION_STRIKE
மத்திகை,WEAPON_MATHIGAI
மாலையா,AS_GARLAND
மோதி,ACTION_STRIKE
அவையத்துத்,ASSEMBLY_IN
தொடர்ந்தேம்,ACTION_FOLLOWED
எருது,BULL
தொழில்,WORK
செய்யாது,ACTION_NOTDO
ஓட,ACTION_RUN
விடும்,ACTION_RELEASE
கடன்,DEBT
வேளாளர்க்கு,PEOPLE_VELLALAR
இன்று,TODAY
படர்ந்து,ACTION_SPREAD
யாம்,PRONOUN_WE
தன்,POSSESSIVE_OWN
மார்பம்,CHEST
தண்டம்,PUNISHMENT
தரும்,ACTION_GIVE
ஆரத்தாள்,NECKLACE
மார்பும்,CHEST
நின்,POSSESSIVE_YOUR
மார்பும்,CHEST
ஓர்,ONE
ஒத்த,ACTION_RESEMBLE
நீர்மை,NATURE
கொல்,ACTION_KILL
என்னாமுன்,ACTION_SAY
பரத்தை,COURTESAN
ஏசுதலை,ACTION_ABUSE
கண்ட,ACTION_SAW
முதுமகளிர்,ELDER_WOMEN
கூற்று,SPEECH
தேடினாள்,ACTION_SOUGHT
ஏச,ACTION_ABUSE
சில,SOME
மகளிர்,WOMEN
மற்று,AND
அதற்கு,DEMONSTRATIVE_THAT
ஊடினார்,PEOPLE_SULKED
வையையகத்து,RIVER
சிந்திக்க,ACTION_THINK
தீரும்,ACTION_END
பிணியாட்,DISEASE
செறேற்க,ACTION_PRESS
மைந்து,STRENGTH
உற்றாய்,ACTION_AFFECTED
வெஞ்,FIERCEST
சொல்,WORD
மட,TAME
மயிற்,PEACOCK
சாயலை,BEAUTY
வந்திக்க,ACTION_PRAISE
வார்,LONG
என,QUOTE_SAYING
மனத்,MIND
தகக,ACTION_SUIT
நோய்,SORROW
இது,DEMONSTRATIVE_THIS
பரத்தையின்,COURTESAN
பதில்,REPLY
உரை,WORD
வேற்றாரை,STRANGERS
வேற்றார்,STRANGERS
தொழுதல்,ACTION_WORSHIP
இளிவரவு,SHAME
போற்றாய்,ACTION_NOTPROTECT
காண்,ACTION_SEE
அன்னை,MOTHER
புரையோய்,SIMILAR
புரை,SIMILAR
இன்று,NONE
மாற்றாளை,RIVAL
மாற்றாள்,RIVAL
வரவு,ARRIVAL
தலைவி,PEOPLE_HEROINE
கூற்று,SPEECH
சொல்,WORD
நல்லவை,GOOD
நாணாமல்,SHAMELESS
தந்து,ACTION_GIVE
முழவின்,DRUM
வருவாய்,ACTION_COME
நீ,PRONOUN_YOU
வாய்வாளா,SILENT
எந்தை,FATHER
எனக்கு,PRONOUN_ME
ஈத்த,ACTION_GAVE
இடு,ACTION_GIVE
வளை,BANGLE
ஆரப்,NECKLACE
பூண்,ORNAMENT
வந்த,ACTION_CAME
வழி,PATH
நின்பால்,POSSESSIVE_YOUR
மாய,ACTION_DECEIVE
க்களவு,STEALTH
அன்றேல்,UNLESS
தந்தானை,ACTION_GAVE
தந்தே,ACTION_GAVE
தருக்கு,ACTION_PRIDE
பரத்தையின்,COURTESAN
மறுமொழி,REPLY
மாலை,GARLAND
அணிய,ACTION_ADORN
விலை,PRICE
தந்தான்,ACTION_GAVE
மாதர்,WOMEN
நின்,POSSESSIVE_YOUR
கால,TIME
சிலம்பும்,ANKLET
கழற்றுவான்,ACTION_REMOVE
சால,ADV_VERY
அதிரல்,ACTION_TREMBLE
அம்,DEMONSTRATIVE_THAT
கண்ணி,HEADFLOWER
நீ,PRONOUN_YOU
அன்பன்,LOVER
எற்கு,PRONOUN_ME
அன்பன்,LOVER
கதுவாய்,ACTION_EMBRACE
அவன்,PRONOUN_HE
கள்வன்,THIEF
கள்வி,FEMALE_THIEF
நான்,PRONOUN_I
அல்லேன்,ACTION_NOT
என,QUOTE_SAYING
ஆங்கு,ADV_THUS
கண்டார்,PEOPLE_SAW
சிலருடைய,SOME_PEOPLE
கூற்று,SPEECH
பரத்தையை,COURTESAN
நோக்கி,ACTION_LOOK
உரைத்தல்,ACTION_SPEAK
வச்சிய,PEOPLE_VACCHIYA
மானே,DEER
மறலினை,ACTION_SWOONED
மாறு,ACTION_CHANGE
உமக்கு,PRONOUN_YOU
நச்சினார்,ACTION_DESIRED
ஈபவை,ACTION_GIVE
நாடு,COUNTRY
அறிய,ACTION_KNOW
நும்மவே,POSSESSIVE_YOUR
தலைமகளுக்கு,PEOPLE_HEROINE
முனிவி,ANGER
நீங்க,ACTION_LEAVE
உரைத்தல்,ACTION_SPEAK
சேக்கை,BED
இனியார்பால்,PLEASANT
செல்வான்,ACTION_GO
மனையாளால்,WIFE_BY
காக்கை,CROW
கடிந்து,ACTION_REPROACH
ஒழுகல்,ACTION_BEHAVE
கூடுமோ,ACTION_POSSIBLE
கூடா,ACTION_NOTPOSSIBLE
தகவுடை,VIRTUOUS
மங்கையர்,WOMEN
சான்றாண்மை,CHIVALRY
சான்றார்,WITNESS
இகழினும்,ACTION_DESPISE
கேள்வரை,HUSBAND
ஏத்தி,ACTION_PRAISE
இறைஞ்சுவார்,BOWING
நிகழ்வது,ACTION_HAPPEN
அறியாது,ACTION_NOTKNOW
நில்லு,ACTION_STAY
நீ,PRONOUN_YOU
நல்லாய்,GOOD_GIRL
மகளிரை,WOMEN
மைந்துற்று,ACTION_AFFECTED
அமர்பு,ACTION_FIGHT
உற்ற,ACTION_AFFECTED
மைந்தர்,YOUTH
அகலம்,BROADNESS
கடிகுவேம்,ACTION_PROTECT
என்பவை,ACTION_SAY
யார்க்கானும்,ANYONE
முடி,ACTION_END
பொருள்,MEANING
அன்று,NOT
முனியல்,ACTION_ANGER
கட,ACTION_CROSS
வரை,MOUNTAIN
நிற்குமோ,ACTION_STAND
காமம்,DESIRE
கொடி,FLAG
இயலாய்,NATURE
வையை,RIVER
நீர்,WATER
மலர்களுடன்,FLOWER_WITH
வந்து,ACTION_COME
கூடல்,CITY_KUDAL
மதிலின்,WALL
கருங்கை,RIVERBANK
வழியே,PATH
பாயும்,ACTION_FLOW
காட்சி,SIGHT
என,QUOTE_SAYING
ஆங்கு,ADV_THUS
இன்ன,SUCH
துணியும்,ACTION_DECIDE
புலவியும்,ANGER
ஏற்பிக்கும்,ACTION_CAUSE
தென்னவன்,KING_PANDYAN
வையைச்,RIVER
சிறப்பு,EXCELLENCE
கொடி,FLAG
இயலார்,UNLIKE_PEOPLE
கை,HAND
போல்,LIKE
குவிந்த,ACTION_CLOSED
முகை,BUD
அரவு,SERPENT
உடன்றவைபோல்,ANGER_AS
விரிந்த,ACTION_OPENED
குலை,BUNCH
குடை,UMBRELLA
விரிந்தவை,ACTION_OPENED
போல,LIKE
கோலும்,ACTION_WEAVE
மலர்,FLOWER
சுனை,POOL
கழிந்து,ACTION_CROSS
தூங்குவன,ACTION_HANG
நீரின்,WATER
மலர்,FLOWER
சினை,BRANCH
விரிந்து,ACTION_OPENED
உதிர்ந்த,ACTION_FELL
வீ,FLOWER
புதல்,GROVE
விரி,ACTION_OPEN
போதொடும்,FLOWER_WITH
அருவி,WATERFALL
சொரிந்த,ACTION_POURED
திரையின்,WAVE
துரந்து,ACTION_PUSH
நெடு,LONG
மால்,DARKNESS
கருங்கை,RIVERBANK
நடு,MIDDLE
வழிப்,PATH
போந்து,ACTION_COME
கடு,FIERCE
மா,GREAT
களிறு,ELEPHANT
அணைத்துக்,ACTION_EMBRACE
கைவிடு,ACTION_RELEASE
நீர்,WATER
போலும்,COMPARISON_LIKE
நெடு,LONG
நீர்,WATER
மலி,ACTION_ABOUND
புனல்,WATER_FLOOD
நீள்,LONG
மாடக்,PALACE
கூடல்,CITY_KUDAL
கடி,ACTION_PROTECT
மதில்,WALL
பெய்யும்,ACTION_POUR
பொழுது,TIME
பிரிந்தாரை,PEOPLE_SEPARATED
கூட்டுவித்தல்,ACTION_UNITE
வையைக்கு,RIVER
இயல்பு,NATURE
நாம்,PRONOUN_WE
அமர்,ACTION_FIGHT
உடலும்,BODY
நட்பும்,FRIENDSHIP
தணப்பும்,SEPARATION
காமமும்,DESIRE
கள்ளும்,LIQUOR
கலந்து,ACTION_MIX
உடன்,WITH
பாராட்ட,ACTION_CELEBRATE
தாம்,PRONOUN_THEY
அமர்,ACTION_FIGHT
காதலரொடு,LOVER_WITH
ஆட,ACTION_BATHE
ப்புணர்வித்தல்,ACTION_UNITE
பூ,FLOWER
மலி,ACTION_ABOUND
வையைக்கு,RIVER
இயல்பு,NATURE
கடவுள்,DIVINE_GOD
வாழ்த்து,BLESSING
பாடியவர்,PEOPLE_POET
நல்லச்சுதனார்,PEOPLE_POET_NALLACHUTHANAR
இசையமைத்தவர்,PEOPLE_MUSICIAN
கண்ணகனார்,PEOPLE_POET_KANNAGANAR
பண்,MUSIC_MELODY
காந்தாரம்,MUSIC_RAGA_KANTHARAM
செவ்வேள்,DIVINE_MURUGAN
பரங்குன்றத்துப்,MOUNTAIN_PARANGUNRAM
பெருமானை,DIVINE_LORD
பரவுதல்,ACTION_PRAISE
ஊர்ந்ததை,ACTION_RODE
எரி,FIRE
புரை,ACTION_RESEMBLE
ஓடை,STREAM
இடை,MIDDLE
இமைக்கும்,ACTION_WINK
சென்னி,HEAD
பொரு,ACTION_FIGHT
சமம்,BATTLE
கடந்த,ACTION_TRANSCEND
புகழ்சால்,FAME
வேழம்,ELEPHANT
தொட்டதை,ACTION_TOUCH
தைப்பு,ACTION_STITCH
அமை,ACTION_SUIT
சருமத்தின்,SKIN
தாள்,FOOT
இயை,ACTION_JOIN
தாமரை,LOTUS
துப்பு,STRONG
அமை,ACTION_SUIT
துவர்,SOFT
நீர்த்,WATER
துறை,PLACE
மறை,ACTION_HIDE
அழுத்திய,ACTION_PRESS
வெரிந,ACTION_FEAR
தோலொடு,SKIN_WITH
முழு,FULL
மயிர்,HAIR
மிடைந்த,ACTION_MIXED
வரி,LINE
மலி,ACTION_ABOUND
அர,SERPENT
உரி,SKIN
வள்பு,STRONG
கண்டன்ன,ACTION_SAW
புரி,ACTION_TWIST
மென்,SOFT
பீலிப்,FEATHER
போழ்,ACTION_SPLIT
புனை,ACTION_ADORN
அடையல்,ORNAMENT
கையதை,HAND
கொள்ளாத்,ACTION_NOTTAKE
தெவ்வர்,ENEMY
கொள்,ACTION_TAKE
மாமுதல்,GREAT_DEMON
தடிந்து,ACTION_CUT
புள்ளொடு,BIRD_WITH
பெயரிய,ACTION_MOVED
பொருப்புப்,MOUNTAIN
புடை,SIDE
திறந்த,ACTION_SPLIT
வேல்,WEAPON_SPEAR
பூண்டதை,ACTION_WORE
சுருளுடை,COILED
வள்ளி,PEOPLE_VALLI
இடை,MIDDLE
இடுபு,ACTION_PLACE
இழைத்த,ACTION_ADORNED
உருள்,ACTION_ROLL
இணர்க்,CLUSTER
கடம்பின்,TREE_KADAMBA
ஒன்னுபடு,ACTION_UNITE
கமழ்,FRAGRANCE
தார்,GARLAND
அமர்ந்ததை,ACTION_SAT
புரையோர்,SIMILAR_PEOPLE
நாவில்,TONGUE_IN
புகழ்நலம்,FAME_EXCELLENCE
முற்றி,ACTION_COMPLETED
நிரை,ROW
ஏழு,SEVEN
அடுக்கிய,ACTION_PILED
நீள்,LONG
இலைப்,LEAF
பாலை,PLAIN
அரை,WAIST
வரை,MOUNTAIN
மேகலை,GIRDLE
அளி,GRACE
நீர்ச்,WATER
சூழி,CIRCLE
தரை,EARTH
விசும்பு,SKY
உகந்த,ACTION_DELIGHTED
தண்,COOL
பரங்குன்றம்,MOUNTAIN_PARANGUNRAM
குன்றத்து,MOUNTAIN
அடி,FOOT
உறை,ACTION_RESIDE
இயைக,ACTION_ATTAIN
என,QUOTE_SAYING
பரவுதும்,ACTION_PRAISE
வென்றிக்,VICTORY
கொடி,FLAG
அணி,ORNAMENT
வெல்வ,ACTION_VICTORIOUS
நிற்,PRONOUN_YOU
தொழுது,ACTION_WORSHIP
பரங்கின்றின்மேல்,MOUNTAIN_PARANGUNRAM_TOP
ஓவியத்தின்,PAINTING
அழகு,BEAUTY
போன்ற,LIKE
காட்சிகள்,SIGHTS
சுடு,ACTION_BURN
பொன்,GOLD
ஞெகிழத்து,ACTION_MELT
முத்து,PEARL
அரி,RARE
சென்று,ACTION_GO
ஆர்ப்ப,ACTION_RESOUND
துடியின்,DRUM
அடி,FOOT
பெயர்த்து,ACTION_MOVE
தோள்,SHOULDER
அசைத்துத்,ACTION_MOVE
தூக்கி,ACTION_LIFT
அடு,ACTION_FIGHT
நறா,FLOWER_NARRA
மகிழ்,JOY
தட்ப,ACTION_COOL
ஆடுவாள்,ACTION_DANCE
தகைமையின்,DIGNITY
நுனை,ACTION_SHARPEN
இலங்கு,ACTION_SHINE
எகெனச்,WEAPON_EKEN
சிவந்த,RED
நோக்கமொடு,GAZE_WITH
துணை,COMPANION
அணை,BED
கேள்வணைத்,LOVE_BED
துனிப்பவள்,ACTION_SULK
நிலையும்,STATE
நிழல்,SHADE
காண்,ACTION_SEE
மண்டிலம்,ORB
நோக்கி,ACTION_LOOK
அழல்,FIRE
புனை,ACTION_ADORN
அவிர்,ACTION_SHINE
இழை,JEWELRY
திருத்துவாள்,ACTION_ADJUST
குறிப்பும்,EXPRESSION
பொதிர்த்த,ACTION_SWELL
முலையிடை,BREAST_BETWEEN
பூசிக்,ACTION_APPLY
சந்தனம்,SANDALWOOD
உதிர்த்து,ACTION_DROP
பின்,BACK
உற,ACTION_AFFECT
ஊட்டுவாள்,ACTION_FEED
விருப்பும்,DESIRE
பல்,MANY
ஊழ்,DESTINY
இவை,DEMONSTRATIVE_THESE
இவை,DEMONSTRATIVE_THESE
நினைப்பின்,ACTION_THINK
வல்லோன்,PEOPLE_SKILLED
ஓவத்து,PAINTING
எழுது,ACTION_DRAW
எழில்,BEAUTY
போலும்,COMPARISON_LIKE
மா,GREAT
தடிந்,ACTION_CUT
திட்டோய்,ACTION_THREW
நின்,POSSESSIVE_YOUR
குன்றின்மிசை,MOUNTAIN_TOP
குன்றத்தில்,MOUNTAIN
வேறுபட்ட,ACTION_DIFFERENT
பல,MANY
ஒலிகள்,SOUNDS
ஒருங்கு,TOGETHER
இசைத்தல்,ACTION_PLAY
மிசை,ACTION_ABOVE
படு,ACTION_AFFECT
சாந்தாற்றி,ACTION_APPLY
போல,LIKE
எழிலி,CLOUD
இசை,SOUND
படு,ACTION_AFFECT
பக்கம்,SIDE
இரு,TWO
பாலும்,SIDE
கோலி,ACTION_ADORN
விடு,ACTION_RELEASE
பொறி,SPOT
மஞ்ஞை,PEACOCK
பெயர்பு,ACTION_MOVE
உடன்,WITH
ஆட,ACTION_DANCE
விரல்,FINGER
செறி,ACTION_PRESS
தூம்பின்,HOLE
விடு,ACTION_RELEASE
துளைக்கு,HOLE
ஏற்ப,ACTION_SUIT
முரல்,ACTION_SING
குரற்,VOICE
தும்பி,BEE
அவிழ்,ACTION_BLOOM
மலர்,FLOWER
ஊத,ACTION_BLOW
யாணர்,NEW
வண்டினம்,BEES
யாழ்,INSTRUMENT_YAZH
இசை,SOUND
பிறக்க,ACTION_BORN
பாணி,MEASURE
முழவு,DRUM
இசை,SOUND
அருவி,WATERFALL
நீர்,WATER
ததும்ப,ACTION_OVERFLOW
ஒருங்கு,TOGETHER
பரந்தவை,ACTION_SPREAD
எல்லாம்,ALL
ஒலிக்கும்,ACTION_SOUND
இரங்கு,ACTION_RESOUND
முரசினான்,DRUM
குன்று,MOUNTAIN
சுனை,POOL
நீரில்,WATER
பாய்ந்து,ACTION_JUMP
ஆடிய,ACTION_BATHED
காதலர்,LOVERS
தாழ்,ACTION_LOWER
நீர்,WATER
இமிழ்,ACTION_RESOUND
சுனை,POOL
நாப்பண்,MIDDLE
குளித்து,ACTION_BATHED
அவண்,ADV_THERE
மீ,ACTION_EXCEED
நீர்,WATER
நிவந்த,ACTION_RAISED
விறலிழை,BEAUTIFUL_JEWEL
கேள்வனை,HUSBAND
வேய்,BAMBOO
நீர்,WATER
அழுந்து,ACTION_SINK
தன்,POSSESSIVE_OWN
கையின்,HAND
விடுக,ACTION_RELEASE
என,QUOTE_SAYING
பூ,FLOWER
நீர்,WATER
பெய்,ACTION_POUR
வட்டம்,CIRCLE
எறிய,ACTION_THROW
புணை,RAFT
பெறாது,ACTION_NOTOBTAIN
அரு,RARE
நிலை,STATE
நீரின்,WATER
அவள்,PRONOUN_SHE
துயர்,SORROW
கண்டு,ACTION_SEE
கொழுநன்,HUSBAND
மகிழ்,JOY
தூங்கி,ACTION_SLEPT
கொய்,ACTION_PLUCK
பூம்,FLOWER
புனல்,WATER_FLOOD
வீழ்ந்து,ACTION_FELL
தழுவும்,ACTION_EMBRACE
தகை,DIGNITY
வகைத்து,TYPE
தண்,COOL
பரங்குன்று,MOUNTAIN_PARANGUNRAM
குன்றத்தில்,MOUNTAIN
பலவகை,VARIOUS
மணத்துடன்,FRAGRANCE_WITH
வரும்,ACTION_COME
காற்றுக்கள்,WINDS
வண்டு,BEE
ஆர்,ACTION_FILL
பிறங்கல்,ACTION_SHINE
மைந்தர்,YOUTH
நீவிய,ACTION_STROKED
தண்,COOL
கமழ்,FRAGRANCE
சாந்தம்,SANDALWOOD
தைஇய,ACTION_APPLIED
வளியும்,WIND
கயல்,FISH_KYAL
புரை,ACTION_RESEMBLE
கண்ணியர்,EYE_WOMEN
கமழ்,FRAGRANCE
துகள்,DUST
உதிர்த்த,ACTION_SHED
புயல்,STORM
புரை,ACTION_RESEMBLE
கதுப்பகம்,HAIR_LOCKS
உளரிய,ACTION_BLOW
வளியும்,WIND
உருள்,ACTION_ROLL
இணர்க்,CLUSTER
கடம்பின்,TREE_KADAMBA
நெடுவேட்கு,ACTION_DESIRE
எடுத்த,ACTION_RAISE
முருகு,FRAGRANCE
கமழ்,FRAGRANCE
புகை,SMOKE
நுழைந்த,ACTION_ENTERED
வளியும்,WIND
அசும்பும்,DROP
அருவி,WATERFALL
அரு,RARE
விடர்ப்,CRAG
பரந்த,ACTION_SPREAD
பசும்,GREEN
பூண்,ORNAMENT
சேஎய்,DISTANCE
நின்,POSSESSIVE_YOUR
குன்றம்,MOUNTAIN
நன்கு,ADV_WELL
உடைத்து,ACTION_POSSESS
சீர்க்கு,GLORY
இசைய,ACTION_PLAY
ஆடுபவளது,PEOPLE_DANCER
மேனியழகும்,BODY_BEAUTY
கண்ணழகும்,EYE_BEAUTY
கண்,EYE
ஒளிர்,ACTION_SHINE
திகழ்,ACTION_SHINE
அடர்,ACTION_DENSE
இடுசுடர்,FIREBRAND
படர்,ACTION_SPREAD
கொடி,FLAG
மின்னுப்,LIGHTNING
போல்,LIKE
ஒண்,BRIGHT
நகை,SMILE
தகை,DIGNITY
வகை,TYPE
நெறி,PATH
பெற,ACTION_OBTAIN
இடைஇடை,MIDDLE
இழைத்து,ACTION_ADORNED
யாத்த,ACTION_STRING
செண்ணிகை,BEAUTIFUL
கோதை,GARLAND
கதுப்போடு,HAIR_WITH
இயல,ACTION_MOVE
மணி,GEM
மருள்,ACTION_DAZZLE
தேன்,HONEY
மகிழ்,JOY
தட்ப,ACTION_COOL
ஒல்கி,ACTION_SWAY
பிணி,ACTION_BIND
நெகிழ,ACTION_LOOSEN
ப்பைந்,GREEN
துகில்,CLOTH
நோக்கம்,ACTION_GAZE
சிவப்பு,RED
ஊர,ACTION_SPREAD
பூங்,FLOWER
கொடி,CREEPER
போல,LIKE
நுடங்குவாள்,ACTION_SWAY
ஆங்குத்,ADV_THERE
தன்,POSSESSIVE_OWN
சீர்தகு,GLORIOUS
கேள்வன்,HUSBAND
உருட்டும்,ACTION_ROLL
துடிச்,DRUM
சீரான்,GLORY
கோடு,PEAK
அணிந்த,ACTION_ADORNED
முத்து,PEARL
ஆரம்,NECKLACE
ஒல்க,ACTION_SWAY
ஓசிபவள்,ACTION_SWAY
ஏர்,BEAUTY
ஆடை,CLOTH
அசைய,ACTION_MOVE
அணி,ORNAMENT
அசைய,ACTION_MOVE
தான்,PRONOUN_SELF
அசையும்,ACTION_MOVE
வாடை,NORTHWIND
உளர்,ACTION_BLOW
கொம்பர்,YOUTH
போன்ம்,ACTION_GONE
வாளி,ARROW
புரள்பவை,ACTION_TUMBLE
போலும்,COMPARISON_LIKE
துடிச்,DRUM
சீர்க்குத்,GLORY
தோள்,SHOULDER
ஊழ்,DESTINY
பெயர்ப்பவள்,ACTION_MOVE
கண்,EYE
முருகவேளை,DIVINE_MURUGAN
வாழ்த்துதல்,ACTION_BLESS
மாறு,ACTION_CHANGE
அமர்,ACTION_FIGHT
அட்டவை,ACTION_DEFEATED
மற,VALOR
வேல்,WEAPON_SPEAR
பெயர்ப்பவை,ACTION_MOVE
ஆறு,SIX
இரு,TWO
தோளவை,SHOULDER
அறு,SIX
முகம்,FACE
விரித்தவை,ACTION_SPREAD
நன்று,GOOD
அமர்,ACTION_FIGHT
ஆயமோடு,COMPANIONS_WITH
ஒருங்கு,TOGETHER
நின்,POSSESSIVE_YOUR
அடி,FOOT
உறை,ACTION_RESIDE
இன்று,TODAY
போல்,COMPARISON_LIKE
இயைக,ACTION_ATTAIN
என,QUOTE_SAYING
பரவுதும்,ACTION_PRAISE
ஒன்றார்த்,ENEMY
தேய்த்த,ACTION_RUB
செல்வ,WEALTH
நிற்,PRONOUN_YOU
தொழுதே,ACTION_WORSHIP
பாடியவர்,PEOPLE_POET
தெரியவில்லை,UNKNOWN
இசையமைத்தவர்,PEOPLE_MUSICIAN
தெரியவில்லை,UNKNOWN
பண்,MUSIC_MELODY
தெரியவில்லை,UNKNOWN
வையை,RIVER
இப்பாடலின்,POEM
இடையில்,MIDDLE
சில,SOME
சொற்களும்,WORDS
இறுதிட்ட,ENDING
குறியும்,SYMBOL
கிடைக்கவில்லை,NOT_FOUND
மழை,RAIN
பெய்தலும்,ACTION_RAIN
நீர்ப்,WATER
பெருக்கும்,ACTION_FLOOD
ஒளிறு,ACTION_SHINE
வாட்,SWORD
பொருப்பன்,MOUNTAINMAN
உடல்,BODY
சமத்து,BATTLE
இறுத்த,ACTION_PLACE
களிறு,ELEPHANT
நிரைத்,ROW
தவைபோல்,ACTION_RESEMBLE
கொண்மூ,ACTION_BRING
நெரிதர,ACTION_PRESS
அரசு,KING
பட,ACTION_FALL
கடந்த,ACTION_TRANSCEND
ஆனாச்,UNCEASING
சீற்றத்தவன்,ANGER
முரசு,DRUM
அதிர்பவைபோல்,ACTION_RESOUND
முழங்கு,ACTION_RESOUND
இடி,THUNDER
பயிற்றி,ACTION_THUNDER
ஒடுங்கார்,ACTION_NOTRETREAT
உடன்றவன்,ACTION_ANGRY
தானை,ARMY
வில்,BOW
விசை,ACTION_SPEED
விடும்,ACTION_RELEASE
கணை,ARROW
ஒப்பின்,COMPARISON
கதழ்,ACTION_FLOW
உறை,ACTION_AFFECT
சிதறூஉ,ACTION_SCATTER
கண்,EYE
ஒளிர்,ACTION_SHINE
எகின்,WEAPON_EKIN
கடிய,ACTION_FIERCE
மின்னி,ACTION_FLASH
அவன்,PRONOUN_HE
வண்மைபோல்,GENEROSITY_AS
வானம்,SKY
பொழிந்த,ACTION_POURED
நீர்,WATER
மண்மிசை,EARTH_ON
ஆனாது,UNCEASING
வந்து,ACTION_COME
தொகுபு,ACTION_GATHER
ஈண்டி,ACTION_GATHER
மற்று,AND
அவன்,PRONOUN_HE
தானையின்,ARMY
ஊழி,DESTINY
தாவூக்,ACTION_LEAP
கத்தின்,ACTION_ROAR
போன,ACTION_WENT
நிலம்,EARTH
எல்லாம்,ALL
போர்,WAR
ஆர்,ACTION_FILL
வயல்,FIELD
புகுத,ACTION_ENTER
கான்,FOREST
மலைத்தரை,MOUNTAIN_LAND
கொன்று,ACTION_KILL
மணல,ACTION_MUD
பினறி,ACTION_MIX
வான,SKY
மலைத்த,ACTION_MOUNTAIN
லைத்தவ,ACTION_POUND
மண,SOUND
முரசு,DRUM
எறிதா,ACTION_THROW
தானை,ARMY
தலைத்தலை,HEAD
வந்து,ACTION_COME
மைந்து,STRENGTH
உற்று,ACTION_AFFECT
மைந்தரும்,YOUTH
மகளிரும்,WOMEN
கரையையும்,RIVERBANK
வையையும்,RIVER
சேர்கின்ற,ACTION_JOIN
அழகு,BEAUTY
பொறிவி,ACTION_SHINE
யாற்றுறி,RIVERBANK
துவர்,SOFT
புகை,SMOKE
சாந்தம்,SANDALWOOD
எறிவன,ACTION_THROW
எக்குவ,ACTION_LIFT
ஈரணிக்கு,TWO_COLOR
ஏற்ற,ACTION_SUIT
நறவு,FLOWER_NARRA
அணி,ORNAMENT
பூந்,FLOWER
துகில்,CLOTH
நன்,GOOD
பல,MANY
ஏந்தி,ACTION_HOLD
பிற,OTHER
தொழின,ACTION_WORK
பின்பின,AFTER
தொடர,ACTION_FOLLOW
செறி,ACTION_DENSE
வினை,ACTION_DEED
பொலிந்த,ACTION_SHONE
செம்,RED
பூங்,FLOWER
கண்ணியர்,EYE_WOMEN
ஈர்,TWO
அமை,ACTION_SUIT
வெட்சி,FLOWER_VETCHI
இதழ்,PETAL
புனை,ACTION_ADORN
கோதையர்,GARLAND_WOMEN
தார்,GARLAND
ஆர்,ACTION_FILL
முடியர்,CROWNED
தகை,DIGNITY
கெழு,ACTION_ABOUND
மார்பினர்,CHESTED
மாவும்,HORSE
களிறும்,ELEPHANT
மணி,GEM
அணி,ORNAMENT
வேசரி,WEAPON_VESARI
காவு,GROVE
நிறையக்,ACTION_FILL
கரை,RIVERBANK
நெரிபு,ACTION_PRESS
ஈண்டி,ACTION_GATHER
வேல்,WEAPON_SPEAR
ஆற்றும்,ACTION_FLOW
பொய்ம்பனின்,ACTION_LIE
விரை,SPEEDY
மலர்,FLOWER
அம்பினோன்,ARCHER
போல்,COMPARISON_LIKE
ஆற்று,ACTION_FLOW
முன்பின்,BEFORE_AFTER
புனை,ACTION_ADORN
கழல்,ANKLET
மைந்தரொடு,YOUTH
தார்,GARLAND
அணி,ORNAMENT
மைந்தர்,YOUTH
தவ,TAPAS
ப்பயன்,FRUIT
ஆம்,ACTION_BECOME
என,QUOTE_SAYING
கார்,SEASON_RAINY
அணி,ORNAMENT
கூந்தல்,HAIR
கயற்,FISH_KYAL
கண்,EYE
கவிர்,ACTION_BEND
இதழ்,LIP
வார்,LONG
அணி,ORNAMENT
கொம்மை,PLUMP
வகை,TYPE
அமை,ACTION_SUIT
மேகலை,GIRDLE
ஏர்,BEAUTY
அணி,ORNAMENT
இலங்கு,ACTION_SHINE
எயிற்று,TOOTH
இலங்கு,ACTION_SHINE
நகையவர்,SMILING
சீர்,GLORY
அணி,ORNAMENT
வையைக்கு,RIVER
அணிகொல்லோ,ORNAMENT
வையைதன்,RIVER
நீர்,WATER
அணி,ORNAMENT
நீத்தம்,WATER
இவர்க்கு,PRONOUN_THEM
அணிகொல்,ORNAMENT
என,QUOTE_SAYING
தேருநர்,PEOPLE_EXAMINE
தேருங்கால்,ACTION_EXAMINE
தேர்தற்கு,ACTION_EXAMINE
அரிது,DIFFICULT
காண்,ACTION_SEE
தீரமும்,BRAVE
வையையும்,RIVER
சேர்கின்ற,ACTION_JOIN
கண்,EYE
கவின்,BEAUTY
திருமருத,PLACE_TIRUMARUTHAM
முன்துறை,FRONT_SHORE
காட்சிகள்,SIGHTS
மண்,EARTH
கணை,ARROW
முழவின்,DRUM
இன்,SWEET
கண்,EYE
இமிழ்விற்கு,ACTION_RESOUND
எதிர்வ,ACTION_FACE
பொருவி,ACTION_COMPETE
மேறு,TOP
மாறு,ACTION_CHANGE
இமிழ்ப்ப,ACTION_RESOUND
கவர்,ACTION_SNATCH
தொடை,ACTION_STRING
நல்,GOOD
யாழ்,INSTRUMENT_YAZH
இமிழ,ACTION_RESOUND
காவில்,GROVE
புகர்,SPOT
வரி,LINE
வண்டினம்,BEES
பூஞ்,FLOWER
சினை,BRANCH
இமிர,ACTION_BUZZ
ஊது,ACTION_BLOW
சீர்த்தீம்,SWEET_GLORY
குழல்,FLUTE
இயம்ப,ACTION_SOUND
மலர்மிசைத்,FLOWER_TOP
தாது,POLLEN
ஊது,ACTION_BLOW
தும்பி,BEE
தவிர்பு,ACTION_AVOID
அல,ACTION_NONE
இயம்ப,ACTION_SOUND
துடிச்,DRUM
சீர்,GLORY
நடத்த,ACTION_LEAD
வளி,WIND
நடன்,DANCE
மெல்,SOFT
இணர்ப்,CLUSTER
பூங்கொடி,FLOWER_CREEPER
மேவர,ACTION_ATTAIN
நுடங்க,ACTION_SWAY
ஆங்கு,ADV_THUS
அவை,DEMONSTRATIVE_THOSE
தத்தம்,POSSESSIVE_THEIR
தொழில்,WORK
மாறு,ACTION_CHANGE
கொள்ளும்,ACTION_TAKE
தீம்,SWEET
புனல்,WATER_FLOOD
வையைத்,RIVER
திருமருத,PLACE_TIRUMARUTHAM
முந்துறையால்,FRONT_SHORE_BY
கோடுளர்,PEOPLE_CRESTED
குரல்,VOICE
பொலி,ACTION_SHINE
ஒலி,SOUND
துயல்,ACTION_SLEEP
இருங்,DARK
கூந்தல்,HAIR
புரை,SIMILAR
தீர்,ACTION_REMOVE
நெடு,LONG
மென்,SOFT
தோள்,SHOULDER
தாழ்பு,ACTION_HANG
தழை,LEAF
மலர்,FLOWER
துவளா,ACTION_NOTSWAY
வல்லியின்,CREEPER
நீள்,LONG
தாழ்பு,ACTION_HANG
தோக்கை,HANGING
நித்தில,PEARL
வரிச்,ROW
சிலம்பு,ANKLET
பரிபாடல்,POEM_PARIPADAL
முற்றிற்று,ACTION_COMPLETED
பரிபாடல்,POEM_PARIPADAL
திரட்டு,COLLECTION
திருமால்,DIVINE_VISHNU
முதல்,FIRST
செய்யுளான,POEM
இது,DEMONSTRATIVE_THIS
தொல்காப்பியம்,GRAMMAR_THOLKAPPIYAM
செய்யுள்,POETRY
இயல்,GRAMMAR
சூ.,SUTRA
பேராசிரியர்,COMMENTATOR_PERASIRIYAR
நச்சினார்க்கினியர்,COMMENTATOR_NACHCHINARKINIYAR
உரையில்,COMMENTARY_IN
கண்டெடுக்கப்பட்டது,ACTION_FOUND
இருந்தையூர்,PLACE_IRUNDAIYUR
அமர்ந்த,ACTION_SAT
இறைவனது,DIVINE_LORD
அடி,FOOT
பரவுதல்,ACTION_PRAISE
வான்,SKY
ஆர்,ACTION_FILL
எழிலி,CLOUD
மழை,RAIN
வளம்,WEALTH
நந்த,ACTION_INCREASE
தேன்,HONEY
ஆர்,ACTION_FILL
சிமைய,PEAK
மலையின்,MOUNTAIN
இழிதந்து,ACTION_DESCEND
நான்,FOUR
மாடக்,PALACE
கூடல்,CITY_KUDAL
எதிர்கொள்ள,ACTION_WELCOME
ஆனா,UNCEASING
மருந்து,MEDICINE
ஆகும்,ACTION_BECOME
தீம்,SWEET
நீர்,WATER
மலி,ACTION_ABOUND
துறை,PLACE
மேய,ACTION_GRAZE
இருந்தையூர்,PLACE_IRUNDAIYUR
அமர்ந்த,ACTION_SAT
செல்வ,WEALTH
நின்,POSSESSIVE_YOUR
திருந்தடி,DIVINE_FOOT
தலை,HEAD
உற,ACTION_REACH
ப்பரவுதும்,ACTION_PRAISE
தொழுது,ACTION_WORSHIP
இருந்தையூரன்,PEOPLE_IRUNDAIYURAN
சிறப்புகள்,EXCELLENCE
மலை,MOUNTAIN
குளம்,POND
வயல்,FIELD
ஆகியவற்றின்,QUALITIES
வளம்,WEALTH
ஒருசார்,ONE_SIDE
அணி,ORNAMENT
மலர்,FLOWER
வேங்கை,FLOWER_VENGAI
மராஅ,TREE_MARAA
மகழம்,FRAGRANCE_MAKHILAM
பிணி,ACTION_BIND
நெகிழ்,ACTION_LOOSEN
பிண்டி,FLOWER_PINDI
நிவந்து,ACTION_RISE
சேர்பு,ACTION_JOIN
ஓங்கி,ACTION_RISE
மணி,GEM
நிறம்,COLOR
கொண்ட,ACTION_HOLD
மலை,MOUNTAIN
ஒருசார்,ONE_SIDE
தண்,COOL
நறுந்,FRAGRANT
தாமரைப்,LOTUS
பூவின்,FLOWER
இடைஇடை,MIDDLE
வண்ண,COLOR
வா,QUALITY_COME
இதழ்ப்,PETAL
போதின்வாய்,FLOWER_MOUTH
வண்டு,BEE
ஆர்ப்ப,ACTION_RESOUND
விண்,SKY
வீற்றிருக்கும்,ACTION_SEATED
கய,POND
மீன்,FISH
வி,ACTION_LEAP
தகையின்,BEAUTY
கண்,EYE
வீற்றிருக்கும்,ACTION_SEATED
கயம்,POND
ஒருசார்,ONE_SIDE
சாறு,JUICE
கொள்,ACTION_TAKE
ஓதத்து,WAVE
இசையொடு,SOUND_WITH
மாறுஉற்று,ACTION_COMPETE
உழவின்,FARMING
ஓதை,SOUND
பயின்று,ACTION_PRACTICE
அறிவு,WISDOM
இழந்து,ACTION_LOST
தி,ACTION_FIRE
நரும்,PEOPLE
ஆர்த்து,ACTION_RESOUND
நடுநரும்,MIDDLE_PEOPLE
ஈண்டி,ACTION_GATHER
திரு,DIVINE
நயத்தக்க,PLEASING
வயல்,FIELD
அந்தணர்,BRAHMIN
இருக்கை,SEAT
ஒருசார்,ONE_SIDE
அறத்தொடு,DHARMA_WITH
வேதம்,SCRIPTURE_VEDA
புணர்,ACTION_UNITE
தவம்,TAPAS
முற்றி,ACTION_COMPLETED
விறல்,VALOR
புகழ்,FAME
நிற்ப,ACTION_STAND
விளங்கிய,ACTION_SHONE
கேள்வித்,KNOWLEDGE
திறத்தின்,SKILL
தி,ACTION_FIRE
வு,ACTION_ACTION
இல்லா,ACTION_NONE
அந்தணர்,BRAHMIN
ஈண்டி,ACTION_GATHER
அறத்தின்,DHARMA
தி,ACTION_FIRE
யா,ACTION_ACTION
பதி,PLACE
வணிகரும்,MERCHANTS
உழவர்களும்,FARMERS
வாழும்,ACTION_LIVE
தெருக்கள்,STREETS
ஆங்கு,ADV_THUS
ஒருசார்,ONE_SIDE
உண்ணுவ,ACTION_EAT
பூசுவ,ACTION_APPLY
பூண்ப,ACTION_WEAR
உடுப்பவை,ACTION_WEAR
மண்ணுவ,ACTION_EARTH
மணி,GEM
பொன்,GOLD
மலைய,ACTION_MOUNTAIN
கடல்,OCEAN
பண்ணியம்,CRAFT
மாசு,STAIN
அறு,ACTION_REMOVE
பயம்,FRUIT
தரு,ACTION_GIVE
காருகப்,CRAFT
புண்ணிய,MERIT
வணிகர்,MERCHANTS
புனை,ACTION_ADORN
மறுகு,STREET
ஒருசார்,ONE_SIDE
விளைவதை,ACTION_PRODUCE
வினை,ACTION_DEED
எவன்,WHAT
மென்,SOFT
புல,EARTH
வன்,STRONG
புலக்,ACTION_PLOUGH
களமர்,ACTION_FARM
உழவர்,FARMERS
கடி,ACTION_PROTECT
மறுகு,STREET
பிறசார்,OTHER_SIDE
ஆங்க,ADV_THUS
அனையவை,SUCH
நல்ல,GOOD
நனி,ADV_VERY
கூடும்,ACTION_UNITE
இன்பம்,JOY
இயல்,NATURE
கொள,ACTION_TAKE
நண்ணியவை,ACTION_APPROACHED
ஆதிசேடனது,DIVINE_ADHISHESHA
திருக்கோயிலில்,TEMPLE
மைந்தரும்,YOUTH
மகளிரும்,WOMEN
வழிபடுதல்,ACTION_WORSHIP
வண்டு,BEE
பொரேரென,ACTION_BUZZ
எழ,ACTION_RISE
வண்டு,BEE
பொரேரென,ACTION_BUZZ
எழும்,ACTION_RISE
கடிப்,ACTION_PROTECT
புகு,ACTION_ENTER
வோக்,ACTION_COME
கதவமிற்,DOOR
தோட்டி,ACTION_OPEN
கடிப்பு,ACTION_BITE
இகு,ACTION_LEAVE
காதில்,EAR
கனம்,HEAVY
குழை,EARRING
தொடர,ACTION_FOLLOW
மிளிர்,ACTION_SHINE
மின்,LIGHTNING
வாய்ந்த,ACTION_POSSESS
விளங்கு,ACTION_SHINE
ஒளி,LIGHT
நுதலார்,PEOPLE_FOREHEADED
ஊர்,TOWN
களிற்றன்ன,ELEPHANT_LIKE
செம்மலோரும்,NOBLE_PEOPLE
வாய்,MOUTH
இருள்,DARKNESS
பனிச்சை,DEW
வா,QUALITY_COME
சிலை,CURVED
புருவத்து,BROW
ஒளி,LIGHT
இழை,JEWELRY
ஒதுங்கிய,ACTION_RETREATED
ஒண்,BRIGHT
நுதலோரும்,PEOPLE_FOREHEADED
புலத்தோடு,EARTH_WITH
அளவிய,ACTION_MEASURED
புகழ்,FAME
அணிந்தோரும்,PEOPLE_ADORNED
நலத்தோடு,GOODNESS_WITH
அளவிய,ACTION_MEASURED
நாண்,SHAME
அணிந்தோரும்,PEOPLE_ADORNED
விடையோடு,BULL_WITH
இகலிய,ACTION_COMPETE
விறல்,VALOR
நடையோரும்,WALKERS
நடை,WALK
மடம்,TAME
மேவிய,ACTION_ATTAINED
நாண்,SHAME
அணிந்தோரும்,PEOPLE_ADORNED
கடல்,OCEAN
நிரை,ROW
திரையின்,WAVE
கரு,DARK
நரையோரும்,GREY_HAIRED
மடையர்,SIMPLE_PEOPLE
குடையர்,UMBRELLA_BEARERS
புகையர்,INCENSE_BEARERS
பூ,FLOWER
ஏந்தி,ACTION_HOLD
இடை,MIDDLE
ஒழிவு,ACTION_LEAVE
இன்றி,ACTION_NONE
அடியுறையார்,WORSHIPPERS
ஈண்டி,ACTION_GATHER
விளைந்தார்,ACTION_PRODUCED
வினையின்,ACTION_DEED
விழுப்,GREAT
பயன்,FRUIT
துய்க்கும்,ACTION_ENJOY
துளங்கா,UNSHAKEN
விழுச்,EXCELLENT
சீர்த்,GLORY
துறக்கம்,HEAVEN
புரையும்,ACTION_RESEMBLE
இரு,TWO
கேழ்,SIMILAR
உத்தி,ORNAMENT_UTTI
அணிந்த,ACTION_ADORNED
எருத்தின்,NECK
வரை,MOUNTAIN
கெழு,ACTION_ABOUND
செல்வன்,LORD
நகர்,CITY
பூ,FLOWER
முடி,CROWN
நாகர்,DIVINE_NAGAR
கோயிலின்,TEMPLE
எழும்,ACTION_RISE
ஓசைகள்,SOUNDS
முதலியன,ETC
வண்டொடு,BEE_WITH
தும்பியும்,BEE
வண்,GENEROUS
தொடை,ACTION_STRING
யாழ்,INSTRUMENT_YAZH
ஆர்ப்ப,ACTION_RESOUND
விண்ட,ACTION_OPEN
கட,ACTION_PROTECT
கா,ACTION_PROTECT
மேகமொடு,CLOUD_WITH
அதிர,ACTION_RESOUND
தண்டா,UNCEASING
அருவியொடு,WATERFALL_WITH
இரு,TWO
முழவு,DRUM
ஆர்ப்ப,ACTION_RESOUND
அ,DEMONSTRATIVE_THAT
உண்ட,ACTION_ATE
கண்ணாரொடு,EYE_WITH
ஆடவர்,MEN
கூடி,ACTION_UNITE
பு,NEW
உண்ட,ACTION_ATE
பாடலொடு,SONG_WITH
ஆடலும்,DANCE
தோன்ற,ACTION_APPEAR
சூடு,ACTION_WEAR
நறவொடு,FRAGRANCE_WITH
தாமம்,DIVINE_TAMAM
முகிழ்,BUD
வி,ACTION_BLOOM
சூடா,ACTION_NOTWEAR
நறவொடு,FRAGRANCE_WITH
காமம்,DESIRE
விரும்ப,ACTION_DESIRE
இனைய,SUCH
பிறவும்,OTHERS
இவை,DEMONSTRATIVE_THESE
போல்வனவும்,SIMILAR
அனையவை,SUCH
எல்லாம்,ALL
இயையும்,ACTION_UNITE
புனை,ACTION_ADORN
இழைப்,JEWELRY
பூ,FLOWER
முடி,CROWN
நாகர்,DIVINE_NAGAR
நகர்,CITY
குளவாய்,PLACE_KULAVAY
அமர்ந்தான்,ACTION_SAT
நகரால்,CITY_BY
மகளிரும்,WOMEN
மைந்தரும்,YOUTH
வணங்கி,ACTION_WORSHIP
பேறு,BLESSING
பெறுதல்,ACTION_RECEIVE
மணி,GEM
மருள்,ACTION_DAZZLE
தகை,DIGNITY
வகை,TYPE
நெறி,PATH
செறி,ACTION_DENSE
ஒலி,SOUND
பொலி,ACTION_SHINE
அவிர்,ACTION_SHINE
நிமிர்,ACTION_RAISE
புகழ்,FAME
கூந்தல்,HAIR
பிணி,ACTION_BIND
நெகிழ்,ACTION_LOOSEN
துளையினை,HOLE
தெளி,ACTION_CLARIFY
ஒளி,LIGHT
திகழ்,ACTION_SHINE
ஞெகிழ்,ACTION_MELT
தொ,ACTION_TOUCH
அ,DEMONSTRATIVE_THAT
மது,LIQUOR
மகிழ்பு,ACTION_REJOICE
அ,DEMONSTRATIVE_THAT
மலர்,FLOWER
மகிழ்,ACTION_REJOICE
உண்கண்,EYE
வாணுதலோர்,BRIGHT_FACED
மணி,GEM
மயில்,PEACOCK
தொழில்,WORK
எழில்,BEAUTY
இகல்,ACTION_FIGHT
மலி,ACTION_ABOUND
திகழ்,ACTION_SHINE
பிறிது,OTHER
இகழ்,ACTION_DESPISE
கடுங்,FIERCE
கடாக்,BULL
களிற்று,ELEPHANT
அண்ணலவரோடு,NOBLE_PEOPLE
அணி,ORNAMENT
மிக,ADV_VERY
வந்து,ACTION_COME
இறைஞ்ச,ACTION_BOW
அல்,QUALITY_NOT
இகப்ப,ACTION_REMOVE
பிணி,SORROW
நீங்க,ACTION_LEAVE
நல்லவை,GOOD
எல்லாம்,ALL
இயைதரும்,ACTION_UNITE
தொல்,ANCIENT
சீர்,GLORY
வரை,MOUNTAIN
வாய்,MOUTH
தழுவிய,ACTION_EMBRACED
கல்,STONE
சேர்,ACTION_JOIN
கிடக்கைக்,RESTING
குளவாய்,PLACE_KULAVAY
அம்ர்ந்தான்,ACTION_SAT
நகர்,CITY
ஆதிசேடனின்,DIVINE_ADHISHESHA
சிறப்புக்களை,EXCELLENCE
போற்றுதல்,ACTION_CHERISH
திகழ்,ACTION_SHINE
ஒளி,LIGHT
முந்நீர்,THREE_WATERS
கடைந்த,ACTION_CHURNED
அக்,DEMONSTRATIVE_THAT
கால்,TIME
வெற்புத்,MOUNTAIN
திகழ்பு,ACTION_SHINE
எழ,ACTION_RISE
வாங்கித்,ACTION_PULL
தம்,POSSESSIVE_THEIR
சீர்ச்,GLORY
சிரத்து,HEAD
ஏற்றி,ACTION_RAISE
மகர,CROCODILE
மறி,ACTION_STRIKE
கடல்,OCEAN
வைத்து,ACTION_PLACE
நிறுத்துப்,ACTION_STAND
புகழ்சால்,FAME
சிறப்பின்,EXCELLENCE
இரு,TWO
திறத்தோர்க்கும்,PEOPLE_SIDES
அமுது,NECTAR
கடைய,ACTION_CHURN
இரு,TWO
வயின்,PLACE
நாண்,BOWSTRING
ஆகி,ACTION_BECOME
மிகாஅ,NOT_EXCEED
இரு,TWO
வடம்,ROPE
ஆழியான்,OCEAN_LORD
வாங்க,ACTION_PULL
உகாஅ,ACTION_NOT_SPILL
வலியின்,STRENGTH
ஒரு,ONE
தோழம்,COMPANION
காலம்,TIME
அறாஅது,ACTION_NOT_CEASE
அணிந்தாரும்,PEOPLE_ADORNED
தாம்,PRONOUN_THEY
மிகாஅ,NOT_EXCEED
மறலிய,ACTION_SWOONED
மே,TOP
வலி,STRENGTH
எல்லாம்,ALL
புகாஅ,ACTION_NOT_ENTER
எதிர்,OPPOSITE
பூண்டாரும்,PEOPLE_WORE
தாம்,PRONOUN_THEY
மணி,GEM
புரை,ACTION_RESEMBLE
மாமலை,GREAT_MOUNTAIN
ஞாறிய,ACTION_SPREAD
ஞாலம்,EARTH
அணிபோல்,ORNAMENT_AS
பொறுத்தாரும்,PEOPLE_SUPPORTED
தாஅம்,PRONOUN_THEY
பணிபு,ACTION_SERVE
இல்,ACTION_NONE
சீர்ச்,GLORY
செல்,ACTION_GO
விடை,BULL
ப்பாகன்,DRIVER
தி,ACTION_FIRE
புரம்,FORT
செற்றுழிக்,ACTION_DESTROYED
கல்,STONE
உயர்,HIGH
வென்னி,ACTION_BURN
இமய,HIMALAYAS
வில்,BOW
நாண்,BOWSTRING
ஆகி,ACTION_BECOME
தொல்,ANCIENT
புகழ்,FAME
தந்தாரும்,PEOPLE_GAVE
தாம்,PRONOUN_THEY
விண்ணப்பம்,PRAYER
அணங்கு,DIVINE_MAIDEN
உடை,ACTION_POSSESS
அருந்,RARE
தலை,HEAD
ஆயிரம்,THOUSAND
வி,ACTION_LEAP
யத்த,ACTION_ACTION
கணங்கொள்,ACTION_SWARM
சுற்றத்து,FAMILY
அண்ணலை,DIVINE_BROTHER
வணங்கி,ACTION_WORSHIP
நல்,GOOD
அடி,FOOT
ஏத்தி,ACTION_PRAISE
நிற்,PRONOUN_YOU
பரவுதும்,ACTION_PRAISE
எல்லேம்,PRONOUN_WE
பி,ACTION_PROTECT
யற்க,ACTION_DO
எம்,POSSESSIVE_OUR
சுற்றமொடு,FAMILY_WITH
ஒருங்கே,TOGETHER
வையை,RIVER
இப்பாடல்,POEM
தொல்காப்பியம்,GRAMMAR_THOLKAPPIYAM
செய்யுள்,POETRY
இயல்,GRAMMAR
சூ.,SUTRA
இளம்பூரணர்,COMMENTATOR_ILAMPURANAR
உரையில்,COMMENTARY_IN
கண்டது,ACTION_FOUND
வையையில்,RIVER
புனல்,WATER_FLOOD
விரைந்து,ACTION_SPEEDY
வருதல்,ACTION_COME
மா,GREAT
நிலம்,EARTH
தோன்றாமை,ACTION_NOT_APPEAR
மலி,ACTION_ABOUND
பெயல்,RAIN
தலைஇ,ACTION_BEGIN
ஏம,SAFETY
நீர்,WATER
எழில்,BEAUTY
வானம்,SKY
இகுத்தரும்,ACTION_POUR
பொழுதினான்,TIME
நாக,NAGA
நீள்,LONG
மணி,GEM
வரை,MOUNTAIN
நறு,FRAGRANT
மலர்,FLOWER
பல,MANY
விரைஇ,ACTION_SPREAD
காமரு,DESIRE
வையை,RIVER
சுடுகின்றே,ACTION_FLOW
கூடல்,CITY_KUDAL
புதுப்புனலை,NEW_FLOOD
விரும்பி,ACTION_DESIRE
மக்கள்,PEOPLE
கோலம்,APPEARANCE
கொண்டு,ACTION_TAKE
செல்லுதல்,ACTION_GO
நீர்,WATER
அணி,ORNAMENT
கொண்டன்று,ACTION_POSSESSED
வையை,RIVER
என,QUOTE_SAYING
விரும்பி,ACTION_DESIRE
தார்,GARLAND
அணி,ORNAMENT
கொண்ட,ACTION_TAKE
உவகை,JOY
தலைக்கூடி,ACTION_GATHER
ஊர்,TOWN
அணி,ORNAMENT
கோலம்,APPEARANCE
ஒருவர்,ONE_PERSON
ஒருவா,ACTION_ONE
சேர்,ACTION_JOIN
அணி,ORNAMENT
கொண்டு,ACTION_TAKE
நிறம்,COLOR
ஒன்று,ONE
வெவ்வேறு,DIFFERENT
நீர்,WATER
அணி,ORNAMENT
கொண்டநிறை,ACTION_FILLED
அணி,ORNAMENT
அங்காடி,MARKET
ஏர்,BEAUTY
அணி,ORNAMENT
கொண்டார்,PEOPLE_POSSESSED
இயல்,NATURE
வையைத்,RIVER
துறையில்,PLACE
மன்னனும்,KING
மக்களும்,PEOPLE
கூடுதல்,ACTION_UNITE
கை,HAND
புனை,ACTION_ADORN
தா,ACTION_GIVE
னர்,PEOPLE
கண்ணியர்,EYE_WOMEN
ஐ,FIVE
எனும்,QUOTE_SAYING
ஆவியர்,SOULFUL_PEOPLE
ஆடையர்,CLOTHED_PEOPLE
நெய்,OIL
அணி,ORNAMENT
கூந்தலர்,HAIRED_PEOPLE
பித்தையர்,PEOPLE_PITTAIYAR
மெய்,BODY
அணி,ORNAMENT
யானை,ELEPHANT
மிசையராய்,TOP
ஒய்யென,ACTION_SWIM
தங்காச்,UNCEASING
சிறப்பின்,EXCELLENCE
தளிர்,LEAF
இயலார்,UNLIKE_PEOPLE
செல்ல,ACTION_GO
பொங்கு,ACTION_SWELL
புரவிப்புடை,HORSE_SIDE
போவோரும்,GOING_PEOPLE
பொங்கு,ACTION_SWELL
சீர்,GLORY
வையமும்,PEOPLE
தேரும்,CHARIOT
அமைப்போரும்,ARRANGING_PEOPLE
எவ்,WHICH
வாயும்,MOUTH
பொய்யாம்,ACTION_LIE
போய்,ACTION_GO
என்னாப்,QUOTE_SAYING
புடை,SIDE
கூட்டிப்,ACTION_GATHER
போவநர்,GOING_PEOPLE
மெய்யாப்பு,TRUTH
வெய்,HOT
ஆர,ACTION_FILL
மூடுவார்,COVERING_PEOPLE
வையத்துக்கு,PEOPLE
கூடுவார்,UNITING_PEOPLE
ஊடல்,SULLENNESS
ஒழிப்பார்,REMOVING_PEOPLE
உணர்குவார்,KNOWING_PEOPLE
ஆடுவார்,DANCING_PEOPLE
பாடுவார்,SINGING_PEOPLE
ஆர்ப்பார்,SHOUTING_PEOPLE
நகுவார்,LAUGHING_PEOPLE
நக்கு,ACTION_SMILE
ஓடுவார்,RUNNING_PEOPLE
ஓடித்,ACTION_RUN
தளர்வார்,TIRING_PEOPLE
போய்,ACTION_GO
உற்றவரைத்,AFFECTED
தேடுவார்,SEEKING_PEOPLE
ஊர்க்குத்,TOWN
தி,ACTION_FIRE
வார்,PEOPLE_COME
இலராகி,ACTION_BECOME
கற்றாரும்,LEARNED_PEOPLE
கல்லாதவரும்,UNLEARNED_PEOPLE
கயவரும்,VILE_PEOPLE
பெற்றாரும்,RECEIVED_PEOPLE
பெற்றான்,ACTION_RECEIVED
பிழையாத,ACTION_NOT_ERR
பெண்டிரும்,WOMEN
பொற்றேரான்,GOLD_CHARIOTEER
தானும்,PRONOUN_SELF
பொலம்,GOLD
பு,NEW
சைக்,BEAUTIFUL
கூடலும்,CITY_KUDAL
முற்றின்று,ACTION_COMPLETED
வையைத்,RIVER
துறை,PLACE
நீராடற்,WATER_BATH
காட்சிகள்,SIGHTS
தலைவன்,PEOPLE_HERO
பரத்தைமையை,COURTESANSHIP
தோழி,PEOPLE_FRIEND
குறிப்பால்,HINT_BY
உணர்த்துதல்,ACTION_EXPRESS
துறை,PLACE
ஆடும்,ACTION_BATHE
காதலர்,LOVERS
தோள்,SHOULDER
புணையாக,RAFT_AS
மறை,ACTION_HIDE
ஆடுவாரை,BATHERS
அறியார்,IGNORANT
மயங்கி,ACTION_CONFUSE
பிறை,CRESCENT
ஏர்,BEAUTY
நுதலியர்,PEOPLE_FOREHEADED
எல்லாரும்,ALL_PEOPLE
தம்,POSSESSIVE_THEIR
முன்,FRONT
நிகழும்,ACTION_HAPPEN
நிகழ்ச்சி,EVENT
எம்பால்,PRONOUN_US
என்று,QUOTE_SAYING
ஆங்கே,ADV_THERE
இகல்,ACTION_FIGHT
பல,MANY
செல்வம்,WEALTH
விளைத்தவட்,ACTION_PRODUCED
கண்டு,ACTION_SEE
இப்பால்,THIS_SIDE
அகல்,BROAD
அல்கும்,ACTION_REST
வையைத்,RIVER
துறை,PLACE
காதலான்,LOVER
மார்பின்,CHEST
கமழ்,FRAGRANCE
தார்,GARLAND
புனல்,WATER_FLOOD
வாங்கி,ACTION_TAKE
ஏதிலாள்,STRANGER_WOMAN
கூந்தலிடை,HAIR_BETWEEN
கண்டு,ACTION_SEE
மற்று,AND
அது,DEMONSTRATIVE_THAT
தா,ACTION_GIVE
தா,ACTION_GIVE
என்றாளுக்குத்,PEOPLE_SAYING
தானே,PRONOUN_SELF
புறன்,OUTSIDE
தந்து,ACTION_GIVE
வேய்தந்தது,BAMBOO_GAVE
என்னை,PRONOUN_ME
விளைந்தமை,ACTION_HAPPENED
மற்று,AND
அது,DEMONSTRATIVE_THAT
நோதலே,SORROW
செய்யேன்,ACTION_NOT_DO
நுணங்கு,ACTION_SHRINK
இழையாய்,JEWELED
இச்,DEMONSTRATIVE_THIS
செவ்வி,OPPORTUNITY
போதல்,ACTION_GO
உண்டாம்கொல்,ACTION_POSSIBLE
அறிந்து,ACTION_KNOW
புனல்,WATER_FLOOD
புணர்த்தது,ACTION_UNITE
ஓஓ,INTERJECTION
பொ,ACTION_PROTECT
தும்,PRONOUN_YOU
வியப்பு,SURPRISE
கயத்,POND
தகக,ACTION_SUIT
பூப்,FLOWER
பெய்த,ACTION_POUR
காமக்,DESIRE
கிழமை,RIGHT
நயத்,ACTION_SUIT
தகு,ACTION_SUIT
நல்லாளை,GOOD_WOMAN
கூடுமா,ACTION_UNITE
கூடும்,ACTION_UNITE
முயக்குக்கு,EMBRACE_FOR
செவ்வி,OPPORTUNITY
முலையும்,BREAST
முயக்கத்து,EMBRACE
நீரும்,WATER
அவட்குத்,PRONOUN_HER
துணை,COMPANION
கண்ணின்,EYE
நீர்,WATER
விட்டோய்,ACTION_LEFT
நீயும்,PRONOUN_YOU
அவட்குத்,PRONOUN_HER
துணை,COMPANION
குலமகளிர்,NOBLE_WOMEN
உ,ACTION_EAT
மை,DARK
மைந்தரோடு,YOUTH
நீராடுதல்,ACTION_BATHE
பணிவு,HUMILITY
இல்,ACTION_NONE
உயர்,HIGH
சிறப்பின்,EXCELLENCE
பஞ்சவன்,PEOPLE_PANCHAVAN
கூடல்,CITY_KUDAL
மணி,GEM
எழில்,BEAUTY
மா,GREAT
மேனி,BODY
முத்த,PEARL
முறுவல்,SMILE
அணி,ORNAMENT
பவளச்,CORAL
செவ்,RED
வாய்,MOUTH
அறம்,DHARMA
காவற்,ACTION_PROTECT
பெண்டிர்,WOMEN
மணி,GEM
அணிந்த,ACTION_ADORNED
தம்,POSSESSIVE_THEIR
உ,ACTION_EAT
மை,DARK
மைந்தரோடு,YOUTH
ஆடி,ACTION_BATHE
தணிவின்று,UNCEASING
வையைப்,RIVER
புனல்,WATER_FLOOD
தலைவன்,PEOPLE_HERO
கூற்று,SPEECH
புனலூடு,WATER_THROUGH
போவது,ACTION_GO
ஓர்,ONE
பூ,FLOWER
மாலை,GARLAND
கொண்டை,BUN
எனலூழ்,ACTION_SAY
வகை,TYPE
எய்திற்று,ACTION_ATTAINED
என்று,QUOTE_SAYING
ஏற்றுக்கொண்ட,ACTION_ACCEPTED
புனலூடு,WATER_THROUGH
நாடு,COUNTRY
அறிய,ACTION_KNOW
பூ,FLOWER
மாலை,GARLAND
அப்பி,ACTION_ATTACH
நினைவாரை,PEOPLE_THINKING
நெஞ்சு,HEART
இடுக்கண்,SORROW
செய்யும்,ACTION_DO
கனல்புடன்,FIRE_WITH
கூடாமுன்,ACTION_UNITE
ஊடல்,SULLENNESS
கொடிய,CRUEL
திறம்,SKILL
கூடினால்,ACTION_UNITE
ஊடாளோ,ACTION_NOT_SULK
ஊர்த்து,ACTION_RIDE
அலர்,RUMOR
வந்து,ACTION_COME
ஊர்ந்து,ACTION_RIDE
என,QUOTE_SAYING
ஆங்கு,ADV_THUS
பார்ப்பார்,BRAHMINS
நீராடாது,ACTION_NOT_BATHE
கரையில்,RIVERBANK
நின்ற,ACTION_STOOD
காரனம்,REASON
ஈப்,ACTION_GIVE
பாய்,ACTION_FLOW
அடு,ACTION_FIGHT
நறாக்,FLOWER_NARRA
கொண்டது,ACTION_TAKE
இவ்,DEMONSTRATIVE_THIS
யாறு,RIVER
என,QUOTE_SAYING
பார்ப்பார்,BRAHMINS
ஒழிந்தார்,REMAINING
படிவு,ACTION_BOW
மைந்தர்,YOUTH
மகளிர்,WOMEN
மண,MARRIAGE
விரை,SPEEDY
தூவிற்று,ACTION_SCATTER
என்று,QUOTE_SAYING
அந்தணர்,BRAHMIN
தோயலர்,ACTION_NOT_TOUCH
ஆறு,RIVER
வையை,RIVER
தேம்,SWEET
மேவ,ACTION_ATTAIN
வழுவழுப்பு,SLIPPERY
உற்றென,ACTION_AFFECTED
ஐயர்,BRAHMINS
வாய்பூசுறார்,ACTION_ANOINT
ஆறு,RIVER
வையை,RIVER
நுரை,FOAM
முதலியவற்றோடு,ETC_WITH
பெருகிச்,ACTION_SWELL
சென்ற,ACTION_WENT
வகை,TYPE
விரைபு,SPEEDY
இரை,FOOD
விரை,SPEEDY
துறை,PLACE
கரை,RIVERBANK
அழிபு,ACTION_DESTROY
இழிபு,ACTION_DESCEND
ஊர,ACTION_SPREAD
ஊர்தரும்,ACTION_FLOW
புனல்,WATER_FLOOD
கரையொடு,RIVERBANK_WITH
கடலிடை,SEA_BETWEEN
வரையொடு,MOUNTAIN_WITH
கடலிடை,SEA_BETWEEN
நிரைநிரை,ROW
நீர்,WATER
தரு,ACTION_GIVE
நுரை,FOAM
நுரையுடன்,FOAM_WITH
மதகுதொறு,SLUICE
இழிதரு,ACTION_DESCEND
புனல்,WATER_FLOOD
கரை,RIVERBANK
புரளிய,ACTION_TUMBLE
செலும்மறி,ACTION_FLOW
கடல்,OCEAN
புகும்,ACTION_ENTER
அளவுஅளவு,MEASURE
இயல்,NATURE
இசை,SOUND
சிறை,WING
தணிவின்று,UNCEASING
வெள்ள,FLOOD
மிகை,EXCESS
திருமருத,PLACE_TIRUMARUTHAM
முன்,FRONT
துறை,PLACE
வரை,MOUNTAIN
பல,MANY
புரை,ACTION_RESEMBLE
உயர்,HIGH
கயிறு,ROPE
அணி,ORNAMENT
பயில்,ACTION_STUDY
தொழில்,WORK
மணி,GEM
அணி,ORNAMENT
யானை,ELEPHANT
மிசை,TOP
மைந்தரும்,YOUTH
மடவாரும்,GENTLEWOMEN
நிரைநிரை,ROW
குழீஇயினர்,GATHERED
உடன்,WITH
சென்று,ACTION_WENT
குரு,HEAVY
மணி,GEM
யானை,ELEPHANT
இயல்,NATURE
தேர்ப்,CHARIOT
பொருநன்,PEOPLE_POET
திருமருத,PLACE_TIRUMARUTHAM
முன்துறை,FRONT_SHORE
முற்றம்,COURTYARD
குறுகி,ACTION_APPROACH
தொ,ANCIENT
மருதம்,PLACE_MARUTHAM
பாடுப,ACTION_SING
பிணி,ACTION_BIND
கொள்,ACTION_TAKE
யாழ்ப்,INSTRUMENT_YAZH
பாணர்,BARD
பாடி,ACTION_SING
பாடி,ACTION_SING
பாய்,ACTION_FLOW
புனல்,WATER_FLOOD
ஆடி,ACTION_BATHE
ஆடி,ACTION_BATHE
அருளியவர்,BLESSED
ஊடி,STATE_SULK
ஊடி,STATE_SULK
உணர்த்த,ACTION_EXPRESS
புகன்று,ACTION_SPEAK
கூடி,ACTION_UNITE
கூடி,ACTION_UNITE
மகிழ்பு,ACTION_REJOICE
மகிழ்பு,ACTION_REJOICE
தேடி,ACTION_SEEK
தேடி,ACTION_SEEK
சிதைபு,ACTION_DESTROY
சிதைபு,ACTION_DESTROY
சூடி,ACTION_WEAR
சூடி,ACTION_WEAR
தொழுது,ACTION_WORSHIP
தொழுது,ACTION_WORSHIP
மழுபொடு,WEAPON_MAZHU
நின்ற,ACTION_STOOD
மலி,ACTION_ABOUND
புனல்,WATER_FLOOD
வையை,RIVER
விழு,ACTION_FALL
தகை,DIGNITY
நல்லாரும்,GOOD_PEOPLE
மைந்தரும்,YOUTH
ஆடி,ACTION_BATHE
இமிழ்வது,ACTION_RESOUND
போன்றது,ACTION_RESEMBLED
இந்,DEMONSTRATIVE_THIS
நீர்,WATER
குணக்குச்,QUALITY
சான்றீர்,WITNESS
முழுவதும்,ALL
மிச்சிலா,LEFTOVER
உண்டு,ACTION_EAT
சாந்து,SANDAL
பூ,FLOWER
முதலியவற்றால்,ETC_BY
நீர்,WATER
வேறுபடுதல்,ACTION_DIFFER
சாந்தும்,SANDAL
கமழ்,FRAGRANCE
தாரும்,GARLAND
கோதையும்,GARLAND
சுண்ணமும்,POWDER
கூந்தலும்,HAIR
பித்தையும்,POWDER
சோர்ந்தன,ACTION_DROP
பூவினும்,FLOWER_THAN
அல்லால்,UNLESS
சிறிதானும்,LITTLE
நீர்,WATER
நிறம்,COLOR
தான்,PRONOUN_SELF
தோன்றாது,ACTION_NOT_APPEAR
இவ்,DEMONSTRATIVE_THIS
வையை,RIVER
ஆறு,RIVER
மழை,RAIN
நீர்,WATER
அறு,ACTION_NONE
குளத்து,POND
வாய்பூசி,ACTION_ANOINT
ஆடும்,ACTION_BATHE
கழு,ACTION_PROTECT
நீர,ACTION_WATER
மஞ்சனக்,BATH
குங்குமக்,SINDUR
கலங்கல்,ACTION_AGITATE
வழி,PATH
நீர்,WATER
விழு,ACTION_FALL
நீர,ACTION_WATER
அன்று,NOT
வையை,RIVER
பாண்டியன்,KING_PANDYAN
கூடலாரொடு,PEOPLE_KUDAL
வையை,RIVER
நீராடிய,ACTION_BATHED
மாட்சி,GLORY
வெரு,ACTION_FEAR
வரு,ACTION_COME
கொல்,ACTION_KILL
யானை,ELEPHANT
வீங்கு,ACTION_SWELL
தோள்,SHOULDER
மாறன்,KING_PANDYAN
உரு,FORM
கெழு,ACTION_ABOUND
கூடலவரொடு,PEOPLE_KUDAL
வையை,RIVER
வரு,ACTION_COME
புனல்,WATER_FLOOD
ஆடிய,ACTION_BATHED
தன்மை,NATURE
பொருவுங்கால்,ACTION_COMPARE
இரு,TWO
முந்நீர்,THREE_WATERS
வையம்,EARTH
பிடித்து,ACTION_HOLD
என்னை,PRONOUN_ME
யான்,PRONOUN_I
ஊர்க்கு,TOWN
ஒரு,ONE
நிலையும்,STATE
ஆற்ற,ACTION_PERFORM
இயையா,ACTION_NOT_ATTAIN
அரு,RARE
மரபின்,TRADITION
அந்தர,HEAVENLY
வான்,SKY
யாற்று,RIVER
ஆயிரம்,THOUSAND
கன்ணினான்,THOUSAND_EYED
இந்திரன்,GOD_INDRA
ஆடும்,ACTION_BATHE
தகைத்து,ACTION_BECOME
வையை,RIVER
இப்,DEMONSTRATIVE_THIS
பகுதி,PART
தொல்காப்பியம்,GRAMMAR_THOLKAPPIYAM
செய்யுள்,POETRY
இயல்,GRAMMAR
சூ.,SUTRA
பேராசி,COMMENTATOR_PERASI
யர்,PEOPLE
நச்சினார்க்கினியர்,COMMENTATOR_NACHCHINARKINIYAR
உரைகளில்,COMMENTARY_IN
கண்டது,ACTION_FOUND
இப்,DEMONSTRATIVE_THIS
பகுதி,PART
அறவோர்,RIGHTEOUS
உள்ளார்,ACTION_CONTAIN
என்று,QUOTE_SAYING
தொடங்கும்,ACTION_BEGIN
பா,POEM
பாடலின்,POEM
இறுதி,END
என்று,QUOTE_SAYING
தொ,ACTION_TOUCH
ய,ACTION_ACTION
வருகின்றது,ACTION_COME
அறவோர்,RIGHTEOUS
உள்ளார்,ACTION_CONTAIN
அரு,RARE
மறை,SCRIPTURE
காப்ப,ACTION_PROTECT
செறுநர்,ENEMY
விழையா,ACTION_NOT_DESIRE
செறிந்த,ACTION_DENSE
நங்,POSSESSIVE_OUR
கேண்மை,FRIENDSHIP
மறுமுறை,NEXT_TIME
யானும்,PRONOUN_I
இயைக,ACTION_ATTAIN
நெறி,PATH
மாண்ட,EXCELLENT
தண்,COOL
வரல்,ACTION_COME
வையை,RIVER
எமக்கு,PRONOUN_US
வையை,RIVER
தொ,ANCIENT
மாண்,EXCELLENT
தமிழ்,TAMIL
மும்மைத்,THREE_FOLD
தென்னம்,SOUTHERN
பொருப்பன்,MOUNTAINMAN
பா,POEM
மா,GREAT
நிரையின்,ROW
பரந்தன்று,ACTION_SPREAD
வையை,RIVER
இப்,DEMONSTRATIVE_THIS
பகுதி,PART
திருக்குறள்,SCRIPTURE_THIRUKKURAL
பா,POEM
மேலழகர்,COMMENTATOR_MELAZHAGAR
உரையை,COMMENTARY
பற்றிய,ABOUT
நுண்,SUBTLE
பொருள்,MEANING
மாலை,GARLAND
யால்,ACTION_BY
தொ,ACTION_TOUCH
ய,ACTION_ACTION
வருகின்றது,ACTION_COME
ஐந்தாம்,FIFTH
பாடல்,POEM
இப்,DEMONSTRATIVE_THIS
பகுதி,PART
தொல்காப்பியம்,GRAMMAR_THOLKAPPIYAM
செய்யுள்,POETRY
இயல்,GRAMMAR
சூ.,SUTRA
பேராசி,COMMENTATOR_PERASI
யர்,PEOPLE
நச்சினார்க்கியர்,COMMENTATOR_NACHCHINARKINIYAR
உரைகளில்,COMMENTARY_IN
உள்ளது,ACTION_IS
மண்,EARTH
ஆர்ந்து,ACTION_FILL
இசைக்கும்,ACTION_SOUND
முழவொடு,DRUM_WITH
கொண்ட,ACTION_TAKE
தோள்,SHOULDER
கண்ணாது,ACTION_NOT_SEE
உடன்,WITH
வீழுங்,ACTION_FALL
கா,ACTION_PROTECT
கை,ACTION_HAND
கண்டோர்க்குத்,PEOPLE_SAW
தம்மொடு,POSSESSIVE_THEIR
நிற்குமோ,ACTION_STAND
நெஞ்சு,HEART
ஆறாம்,SIXTH
பாடல்,POEM
இப்,DEMONSTRATIVE_THIS
பகுதி,PART
நாற்கவிராச,POET_NAARKAVIRASA
நம்பியகப்பொருள்,COMMENTARY_NAMPIYAKAPPORUL
சூ.,SUTRA
உரையில்,COMMENTARY_IN
உள்ளது,ACTION_IS
முன்பு,BEFORE
உற்று,ACTION_AFFECT
அறியா,ACTION_NOT_KNOW
முதல்,FIRST
புணர்ச்சி,UNION
மொய்,ACTION_SWARM
குழலை,HAIR
இன்பு,JOY
உற்று,ACTION_AFFECT
அணிந்த,ACTION_ADORNED
இயல்,NATURE
அணியும்,ORNAMENT
வன்,STRONG
பணியும்,ACTION_SERVE
நாண்,SHAME
எனும்,QUOTE_SAYING
தொல்லை,ANCIENT
அணி,ORNAMENT
என்ன,QUESTION_WHAT
நல்நுதலை,GOOD_FOREHEAD
மதுரை,CITY_MADURAI
இதுவும்,DEMONSTRATIVE_THIS
இதனைத்,DEMONSTRATIVE_THIS
தொடர்ந்து,ACTION_FOLLOW
வரும்,ACTION_COME
ஐந்தும்,FIVE
புறத்திரட்டில்,ANTHOLOGY_IN
நகர்,CITY
என்னும்,QUOTE_SAYING
பகுதியில்,PART_IN
உள்ளன,ACTION_ARE
உலகம்,WORLD
ஒரு,ONE
நிறையாத்,ACTION_NOT_FILL
தான்,PRONOUN_SELF
ஓர்,ONE
நிறையாப்,ACTION_NOT_FILL
புலவர்,SCHOLAR
புலக்,ACTION_PLOUGH
கோலால்,MEASURE_BY
தூக்க,ACTION_WEIGH
உலகு,WORLD
அனைத்தும்,ALL
தான்,PRONOUN_SELF
வாட,ACTION_WITHER
வாடாத,ACTION_NOT_WITHER
தன்மைத்தே,NATURE
தென்னவன்,KING_PANDYAN
நான்மாடக்,FOUR_PALACE
கூடல்,CITY_KUDAL
நகர்,CITY
எட்டாம்,EIGHTH
பாடல்,POEM
மாயோன்,DIVINE_MAYON
கொப்பூழ்,NAVEL
மலர்ந்த,ACTION_BLOOMED
தாமரைப்,LOTUS
பூவொடு,FLOWER_WITH
புரையும்,ACTION_RESEMBLE
சீர்,GLORY
ஊர்,TOWN
பூவின்,FLOWER
இதழகத்து,PETAL_IN
அனைய,LIKE
தெருவம்,STREET
இதழகத்து,PETAL_IN
அரும்,RARE
பொகுட்கு,BUD
அனைத்தே,ALL
அண்ணல்,LORD
கோயில்,TEMPLE
தாதின்,POWDER
அனையர்,SIMILAR_PEOPLE
தண்,COOL
தமிழ்க்,TAMIL
குடிகள்,PEOPLE
தாது,POWDER
உண்,ACTION_EAT
பறவை,BIRD
அனையர்,SIMILAR_PEOPLE
பா,POEM
சில்,LITTLE
வாழ்நர்,LIVING
பூவினுள்,FLOWER_IN
பிறந்தோன்,ACTION_BORN
நாவினுள்,TONGUE_IN
பிறந்த,ACTION_BORN
நான்மறை,FOUR_VEDAS
க்கேள்வி,KNOWLEDGE
நவில்,ACTION_SPEAK
குரல்,VOICE
எடுப்ப,ACTION_RAISE
ஏம,SAFETY
இன்,SWEET
துயில்,SLEEP
எழிதல்,ACTION_RISE
அல்லதை,UNLESS
வாழிய,LONGEVITY
வஞ்சியும்,BANNER
கோழியும்,ROOSTER
போல,LIKE
கோழியின்,ROOSTER
எழாது,ACTION_NOT_RISE
எம்,POSSESSIVE_OUR
பேர்,GREAT
ஊர்,TOWN
துயிலே,SLEEP
ஒன்பதாம்,NINTH
பாடல்,POEM
தண்,COOL
தமிழ்,TAMIL
வேலித்,FENCE
தமிழ்நாட்டகம்,TAMIL_COUNTRY
எல்லாம்,ALL
நின்று,ACTION_STAND
நிலைஇ,ACTION_ESTABLISH
புகழ்,FAME
பூத்தல்,ACTION_BLOOM
அல்லது,OR
குன்றுதல்,ACTION_DECLINE
உண்டோ,ACTION_EXIST
மதுரை,CITY_MADURAI
கொடித்,CRUEL
தேரான்,CHARIOTEER
குன்றம்,MOUNTAIN
உண்டாகும்,ACTION_BECOME
அளவு,MEASURE
பத்தாம்,TENTH
பாடல்,POEM
செய்யாட்கு,BEAUTIFUL_WOMAN
இழைத்த,ACTION_ADORNED
திலகம்போல்,TILAKAM_AS
சீர்க்கு,GLORY
ஒப்ப,ACTION_RESEMBLE
வையம்,EARTH
விளங்கி,ACTION_SHINE
புகழ்,FAME
பூத்தல்,ACTION_BLOOM
அல்லது,OR
பொய்யாதல்,ACTION_LIE
உண்டோ,ACTION_EXIST
மதுரை,CITY_MADURAI
புனை,ACTION_ADORN
தேரான்,CHARIOTEER
வையை,RIVER
உண்டாகும்,ACTION_BECOME
அளவு,MEASURE
பதினோராம்,ELEVENTH
பாடல்,POEM
கார்த்திகை,STAR_KARTHIGAI
காதில்,EAR
கன,HEAVY
மகர,CROCODILE
குண்டலம்போல்,EARRING_AS
சீர்த்து,GLORIOUS
விளங்கி,ACTION_SHINE
திருப்,DIVINE
பூத்தல்,ACTION_BLOOM
அல்லது,OR
கோத்தை,ACTION_STRING
உண்டாமோ,ACTION_EXIST
மதுரை,CITY_MADURAI
கொடித்,CRUEL
தேரான்,CHARIOTEER
வார்த்தை,WORD
உண்டாகும்,ACTION_BECOME
அளவு,MEASURE
பனிரெண்டாம்,TWELFTH
பாடல்,POEM
ஈவாரை,GIVING
கொண்டாடி,ACTION_CELEBRATE
ஏற்பாரை,RECEIVING
பார்த்து,ACTION_LOOK
உவக்கும்,ACTION_REJOICE
சேய்,DISTANT
மாடக்,PALACE
கூடலும்,CITY_KUDAL
செவ்வேள்,DIVINE_MURUGAN
பரங்குன்றம்,MOUNTAIN_PARANGUNRAM
வாழ்வாரே,PEOPLE_LIVING
வாழ்வார்,PEOPLE_LIVING
எனப்படுவார்,PEOPLE_CALLED
மற்றையார்,OTHER_PEOPLE
போவார்,PEOPLE_GOING
ஆர்,WHO
புத்தேள்,HEAVEN
உலகு,WORLD
பதிமூன்றாம்,THIRTEENTH
பாடல்,POEM
இப்,DEMONSTRATIVE_THIS
பகுதி,PART
தொல்காப்பியம்,GRAMMAR_THOLKAPPIYAM
மெய்ப்பாட்டியல்,GRAMMAR_MEYPPATTIYAL
ஆம்,SUTRA
சூத்திர,SUTRA
உரையில்,COMMENTARY_IN
இளம்பூரணரால்,COMMENTATOR_ILAMPURANAR
காட்டப்பெற்றுள்ளது,ACTION_SHOWN
இது,DEMONSTRATIVE_THIS
பா,POEM
பாடலைச்,POEM
சார்ந்ததாகலாம்,RELATED
என,QUOTE_SAYING
ஆராய்ச்சியாளர்கள்,PEOPLE_RESEARCHERS
ஊகிக்கின்றனர்,ACTION_GUESS
வையை,RIVER
வருபுனல்,ACTION_COME_FLOOD
ஆடல்,DANCE
இனிதுகொல்,ACTION_PLEASANT
செவ்,RED
வேற்,SPEAR
கோ,LORD
குன்றம்,MOUNTAIN
நுகர்தல்,ACTION_ENJOY
இனிதுகொல்,ACTION_PLEASANT
வை,ACTION_PLACE
வேல்,SPEAR
நுதி,TIP
அன்ன,LIKE
கண்ணார்,EYE
துணையாக,COMPANION_AS
எவ்வாறு,HOW
செயவாம்கொல்,ACTION_DO
யாம்,PRONOUN_WE
என,QUOTE_SAYING
நாளும்,DAY
வழி,PATH
மயக்குற்று,ACTION_BEWILDER
மருடல்,BEWILDERMENT
நெடியான்,TALL
நெடு,LONG
மாடக்,PALACE
கூடற்கு,CITY_KUDAL
இயல்பு,NATURE
பரிபாடல்,POEM_PARIPADAL
திரட்டு,COLLECTION
முற்றிற்று,ACTION_COMPLETED